Tab,Excel Row,S.No,Full Name,Field,Change Type,Old Value,New Value,Reason / Evidence,Source
Mentors - Prof. Speaker,7,6,Dr. Abdul Wahab,Department,Standardisation,FAST-NUCES,FAST-NUCES Islamabad,Matches other FAST-NUCES Islamabad rows; city and phone are Islamabad,
Mentors - Prof. Speaker,7,6,Dr. Abdul Wahab,Contact No.,Formatting,+92 51 111128128 Ext. 305; +92 333 4384412,+92 51 111 128 128 Ext. 305; +92 333 4384412,Same UAN spacing as other FAST-NUCES rows,
Mentors - Prof. Speaker,27,26,Assad Hussain,Email,Formatting,Assad.Hussain@mail.au.edu.pk,assad.hussain@mail.au.edu.pk,Email addresses lower-cased (they are case-insensitive),
Mentors - Prof. Speaker,31,30,Dr. Azam Arastu,Department,Correction,Boeing Space & Defence Systems,"AstroSmart Enterprises, Inc. (formerly Boeing)","Boeing is a former employer; his LinkedIn and 2025/26 coverage list him as President, AstroSmart Enterprises, Inc. (matches his Designation) [confidence: medium]",https://www.linkedin.com/in/dr-azam-arastu-a24682a/
Mentors - Prof. Speaker,32,31,Azam Jamil,Designation,Correction,Corporate Trainer & Hospitality Specialist,"Corporate Trainer & Hospitality Specialist; Program Advisor, BS Hospitality Management",Job title was sitting in the Department column; moved to Designation,
Mentors - Prof. Speaker,32,31,Azam Jamil,Department,Correction,"Beaconhouse National University (BNU) - Program Advisor, BS Hospitality Management",Beaconhouse National University (BNU),Department column now holds only the organisation,
Mentors - Prof. Speaker,35,34,Daniyal Farman,Department,Filled (web research),,Arbisoft,"ZoomInfo: Daniyal Farman, Software Quality Assurance Engineer at Arbisoft Global (previously Software Engineer at Arbisoft). This matches the SQA LinkedIn handle. [confidence: medium]",https://www.zoominfo.com/p/Daniyal-Farman/8469418706
Mentors - Prof. Speaker,36,35,Dr. Emad Uddin,Email,Correction,emadudding@smme.nust.edu.pk,emaduddin@smme.nust.edu.pk,Typo: extra 'g'. Research group page lists emaduddin@smme.nust.edu.pk; the 'emadudding' variant has no hits [confidence: high],https://sites.google.com/view/cmrgsmme/people
Mentors - Prof. Speaker,46,45,Dr. Farooq Bin Akram,Department,Correction,NUST Islamabad,NUST College of Aeronautical Engineering (CAE),"His email (cae.nust.edu.pk), profile link and designation are all CAE; matches Dr. Azhar Hasan's CAE row",
Mentors - Prof. Speaker,46,45,Dr. Farooq Bin Akram,City,Correction,Islamabad,Risalpur,NUST College of Aeronautical Engineering is located at Risalpur (same as Dr. Azhar Hasan's CAE row),
Mentors - Prof. Speaker,56,55,Dr. Hassan Khaliq Qureshi,Full Name,Correction,Dr. Hassan Khaliq Qureshi,Dr. Hassaan Khaliq Qureshi,Name is spelled 'Hassaan' (Google Scholar profile; also matches his email and LinkedIn) [confidence: high],https://scholar.google.com/citations?user=GZMuWAUAAAAJ
Mentors - Prof. Speaker,56,55,Dr. Hassan Khaliq Qureshi,Email,Correction,hassaan.khaliq@seec.nust.edu.pk,hassaan.khaliq@seecs.edu.pk,Wrong domain 'seec.nust.edu.pk'; SEECS uses seecs.edu.pk (verified on Google Scholar; same domain as Dr. Faisal Shafait's row) [confidence: high],https://scholar.google.com/citations?user=GZMuWAUAAAAJ
Mentors - Prof. Speaker,60,59,Dr. Imtiaz Ahmad Taj,Contact No.,Formatting,+92 51 111 555 666; +92 51 111 555 666 Ext. 310,+92 51 111 555 666 Ext. 310,"Removed duplicated UAN (same number listed twice, once without the extension)",
Mentors - Prof. Speaker,66,65,Dr. Kashif Kifayat,Email,Correction,Kashif.Kifayat@ukf.ac.uk,kashif.kifayat@ukf.ac.ae,Wrong domain '.ac.uk'; University of Khorfakkan uses ukf.ac.ae (his CV on ukf.ac.ae gives Kashif.Kifayat@ukf.ac.ae) [confidence: high],https://ukf.ac.ae/staffCV/Computing/KK.pdf
Mentors - Prof. Speaker,76,75,Dr. M. Mansoor Ahmed,Contact No.,Formatting,+92 51 111 555 666; +92 51 111 555 666 Ext. 222,+92 51 111 555 666 Ext. 222,"Removed duplicated UAN (same number listed twice, once without the extension)",
Mentors - Prof. Speaker,85,84,Mohammad Haider Haroon,Department,Filled (web research),,Aviation Institute of Management,LinkedIn (same handle): Director of Development at the Aviation Institute of Management for over 3 years. Based in Islamabad. [confidence: medium],https://pk.linkedin.com/in/haiderharoon
Mentors - Prof. Speaker,91,90,Dr. Muhammad Asim,Department,Standardisation,FAST-NUCES,FAST-NUCES Islamabad,Matches other FAST-NUCES Islamabad rows; city and phone are Islamabad,
Mentors - Prof. Speaker,113,112,Naseem e saba,Full Name,Formatting,Naseem e saba,Naseem-e-Saba,Name capitalisation,
Mentors - Prof. Speaker,118,117,Dr. Noor M. Khan,Contact No.,Formatting,+92 51 111 555 666; +92 51 111 555 666 Ext. 250,+92 51 111 555 666 Ext. 250,"Removed duplicated UAN (same number listed twice, once without the extension)",
Mentors - Prof. Speaker,119,118,Noshin Paracha,Designation,Formatting,CEO | Trainer & Coach | International Speaker,CEO; Trainer & Coach; International Speaker,'|' separators replaced with '; ' used everywhere else (pipes also break CSV/markdown exports),
Mentors - Prof. Speaker,119,118,Noshin Paracha,City,Filled (web research),,Islamabad,"'Founder & Principal of Stepping Stones International School, Islamabad ... Co-Founder & Chief Executive Officer at Maymaar Foundation based in Islamabad.' [confidence: high]",https://www.page.org.pk/meet-our-role-models/
Mentors - Prof. Speaker,157,156,Dr. Usman Ahsan,Department,Filled (web research),,"Mukabbir University of Science & Technology (MUST), Gujrat","HEC focal-person list: Dr Usman Ahsan, director.qec@mukabbiruniversity.edu.pk (Mukabbir University of Science & Technology, Gujrat). MUST has a Faculty of Commerce & Management Sciences. [confidence: medium]",https://www.hec.gov.pk/english/services/faculty/Plagiarism/Documents/PQR-Focal-Person.pdf
Mentors - Prof. Speaker,157,156,Dr. Usman Ahsan,City,Filled (web research),,Gujrat,"Mukabbir University of Science & Technology is on Bhimber Road, Gujrat, Punjab. [confidence: medium]","https://www.hec.gov.pk/english/universities/Pages/Punjab/Mukabbir-University-of-Science-&-Technology,-Gujrat.aspx"
Industrialist - Government,3,2,Abdul Jawad Khattak,Email,Formatting,Jawad.khattak@pchotels.com,jawad.khattak@pchotels.com,Email addresses lower-cased (they are case-insensitive),
Industrialist - Government,28,27,Arif Mateen Ansari,Email,Formatting,Coso@nastp.gov.pk,coso@nastp.gov.pk,Email addresses lower-cased (they are case-insensitive),
Industrialist - Government,35,34,Cynia Ejaz,Department,Standardisation,Telenor,Telenor Pakistan,Same organisation name as other Telenor Pakistan rows,
Industrialist - Government,39,38,Faiz Ahmad Chadhar,City,Correction,Islamabad,Karachi,"TDAP head office is in Karachi (FTC Building, Shahrah-e-Faisal) and both his listed numbers are Karachi (021); still TDAP Chief Executive as of 7 Oct 2026 [confidence: high]",https://tdap.gov.pk/?p=311 ; https://www.nation.com.pk/07-Oct-2026/tdap-ce-inaugurates-42nd-int-l-exhibition-handmade-carpets
Industrialist - Government,46,45,Firoz Lalji,Designation,Correction,"Chairman, CEO & Co-founder",Chairman & Co-Founder,Stepped down as Zones CEO on 1 Sep 2025 (Yehia Maaty Omar appointed CEO); remains Chairman [confidence: high],https://www.businesswire.com/news/home/20250902454154/en/Zones-Appoints-Yehia-Maaty-Omar-as-Chief-Executive-Officer
Industrialist - Government,46,45,Firoz Lalji,City,Correction,Islamabad,"Seattle, WA, United States","Zones is headquartered in Auburn, WA; he is Seattle-area based and no source ties him to Islamabad [confidence: medium]",https://www.businesswire.com/news/home/20250902454154/en/Zones-Appoints-Yehia-Maaty-Omar-as-Chief-Executive-Officer
Industrialist - Government,55,54,Dr. Henna Karamat Durrani,Email,Formatting,Hkaramat@pseb.org.pk,hkaramat@pseb.org.pk,Email addresses lower-cased (they are case-insensitive),
Industrialist - Government,56,55,Hozaima Malik,Email,Formatting,Hozaima.shafqat@cybervision.com.pk; hozaima.malik@gmail.com,hozaima.shafqat@cybervision.com.pk; hozaima.malik@gmail.com,Email addresses lower-cased (they are case-insensitive),
Industrialist - Government,65,64,Khurram Shahzad,Designation,Filled (web research),,Founder & Patron-in-Chief,"Muscat Daily, Apr 2026: 'Dr. Khurram ... founder and Patron in Chief of Asian Business Forum'. The sheet's LinkedIn slug 'asianbusinessforum' matches. The article gives only 'Dr. Khurram', not the full surname. [confidence: medium]",https://www.muscatdaily.com/2026/04/15/the-asian-business-forum-appoints-bukhari-as-new-chairman-of-its-muscat-chapter/
Industrialist - Government,77,76,Mansoor Nawaz,Email,Formatting,Cmo@nastp.gov.pk,cmo@nastp.gov.pk,Email addresses lower-cased (they are case-insensitive),
Industrialist - Government,84,83,Muhammad Hamza Sarosh,Department,Standardisation,Rawalpindi Chamber of Commerce and Industry,Rawalpindi Chamber of Commerce & Industry (RCCI),Same organisation name as other RCCI rows,
Industrialist - Government,85,84,Waseem Aslam,Department,Standardisation,Rawalpindi Chamber of Commerce and Industry,Rawalpindi Chamber of Commerce & Industry (RCCI),Same organisation name as other RCCI rows,
Industrialist - Government,88,87,Nasir Mirza,Designation,Correction,President (as listed),Former President (c. 2020-21),Two rows were both 'President (as listed)' of RCCI. APP coverage shows Mohammad Nasir Mirza as RCCI President c. 2020-21 (RCCI website home page is stale) [confidence: medium],https://www.app.com.pk/?p=296850
Industrialist - Government,90,89,Nazia Hamid Qureshi,Email,Formatting,nazia.lbs15@gmail.com; Nazia.hq@visiongroup.pk,nazia.lbs15@gmail.com; nazia.hq@visiongroup.pk,Email addresses lower-cased (they are case-insensitive),
Industrialist - Government,96,95,Quratulain Chaudhary,Email,Formatting,Quratulain.chaudhary@mobilinkbank.com,quratulain.chaudhary@mobilinkbank.com,Email addresses lower-cased (they are case-insensitive),
Industrialist - Government,101,100,Raza Sukhera,LinkedIn Profile,Standardisation,https://pk.linkedin.com/in/rasukhera,https://www.linkedin.com/in/rasukhera/,Country sub-domain replaced with the canonical www.linkedin.com URL used in all other rows,
Industrialist - Government,106,105,Saboohi Hussain,Designation,Filled (web research),,Former President,'Sabohi Hussain served as President of the Rawalpindi Women's Chamber of Commerce and Industry (RWCCI)' (PID / Arab News). An RCCI newsletter from Nov 2024 names Ms. Quratulain Khan as RWCCI President. [confidence: medium],https://pid.gov.pk/site/press_detail/21817
Industrialist - Government,107,106,Sajjad Syed,Department,Standardisation,P@SHA,P@SHA (Pakistan Software Houses Association),Same organisation name as other P@SHA rows,
Industrialist - Government,107,106,Sajjad Syed,City,Filled (web research),,Lahore,"Search summary of profiles of Sajjad Mustafa Syed, Chairman of ExD (Excellence Delivered) and P@SHA Chairman 2024-26: 'He is based in Lahore'. He also holds an EMBA from LUMS. [confidence: medium]",https://minutemirror.com.pk/psha-elects-sajjad-mustafa-syed-as-its-chairman-for-2024-2026-277460/
Industrialist - Government,110,109,Salman Ahmed,Email,Formatting,Salman.ahmed@cybervision.com.pk,salman.ahmed@cybervision.com.pk,Email addresses lower-cased (they are case-insensitive),
Industrialist - Government,130,129,Usman Shaukat,Designation,Correction,President (as listed),Former President (2024-26),APP: President for 2024-26 term; Nosherwan Khalil Khan sworn in as RCCI President for 2026-28 [confidence: medium],https://www.app.com.pk/?p=1284991 ; https://www.app.com.pk/?p=863191
Industrialist - Government,134,133,Vaseem Anwar,City,Filled (web research),,Lahore,Profile: member of the American Business Forum; Independent Director at Netsol Technologies (Lahore); member of the Lahore Chamber of Commerce & Industry. [confidence: medium],https://www.marketscreener.com/insider/VASEEM-ANWAR-A1ASV6/
Industrialist - Government,135,134,Osman Khalid Waheed,Gender,Filled (web research),,Male,Bio: 'He joined Ferozsons Laboratories in 1993 after completing his undergraduate degree at Harvard University.' [confidence: high],https://www.aspireleaders.org/team/osman-khalid-waheed/
Industrialist - Government,135,134,Osman Khalid Waheed,City,Filled (web research),,Lahore,"CEO of Ferozsons Laboratories (head office 5 KM Sunder Raiwind Road, Lahore; registered office Rawalpindi). Founding Chair of Lahore Biennale Foundation, LUMS trustee. ABF President (Mar 2026, app.com.pk/?p=1187397). Note: former RCCI President, so he has Rawalpindi ties. [confidence: medium]",https://dps.psx.com.pk/company/FEROZ
Industrialist - Government,139,138,Zain Tariq,Department,Standardisation,P@SHA,P@SHA (Pakistan Software Houses Association),Same organisation name as other P@SHA rows,
Entrepreneur - Founder,5,4,Adil Hussain Mughal,City,Filled (web research),,"New York, NY, United States","LinkedIn headline 'Adil Hussain Mughal - Brooklyn College'; profile summaries: based in New York, NY, Research Scholar at CUNY, ACS Scholar at Brooklyn College. OmniSoftex has offices in I-8 Markaz Islamabad and Bronx, NY. [confidence: medium]",https://www.linkedin.com/in/adilhussainmughal/
Entrepreneur - Founder,6,5,Adnan Lawai,Designation,Formatting,CEO and Cofounder,CEO & Co-Founder,"Title written in the file's dominant style ('Co-Founder', '&')",
Entrepreneur - Founder,10,9,Agha Humayun Khan,City,Standardisation,London,"London, United Kingdom","Non-Pakistan cities written as 'City, Country' like the rest of the file",
Entrepreneur - Founder,14,13,Ahsan Kidwai,Designation,Formatting,Co - Founder & CCO,Co-Founder & CCO,"Title written in the file's dominant style ('Co-Founder', '&')",
Entrepreneur - Founder,19,18,Ali Kirmani,Designation,Formatting,co-CEO,Co-CEO,"Title written in the file's dominant style ('Co-Founder', '&')",
Entrepreneur - Founder,20,19,Ali Pirzada,City,Filled (web research),,Islamabad,"'Ali Pirzada, based in Islamabad, PK, is currently a Founder at talentbase.ai'; previously at Air University, which matches the sheet's au.edu.pk email. [confidence: high]",https://www.linkedin.com/in/alijavedpirzada/
Entrepreneur - Founder,22,21,Altaf Qureshi,Designation,Formatting,CEO and Co Founder,CEO & Co-Founder,"Title written in the file's dominant style ('Co-Founder', '&')",
Entrepreneur - Founder,22,21,Altaf Qureshi,City,Filled (web research),,Karachi,"Wukla and PakSign are both headquartered in Karachi (PakSign office in Zamzama, Karachi); Altaf Qureshi is CEO and co-founder of both. Wukla was incubated at The Nest I/O, Karachi. [confidence: medium]",https://www.crunchbase.com/organization/paksign
Entrepreneur - Founder,24,23,Amer Pasha,City,Filled (web research),,Karachi,"Aladdin Informatics (Amer Pasha, Co-Founder & CEO) is 'headquartered in Karachi'; its CTO is also described as Karachi-based. City comes from the company. [confidence: medium]",https://pk.linkedin.com/company/aladdin-informatics-pvt-ltd
Entrepreneur - Founder,25,24,Amin Adil Qazi,Department,Formatting,ArchVersa architecture,ArchVersa Architecture,Organisation name capitalisation,
Entrepreneur - Founder,30,29,Amna Masood,LinkedIn Profile,Correction,https://creativemornings.com/individuals/amydyslex,https://www.linkedin.com/in/amydyslex/,"Link was a CreativeMornings community page, not LinkedIn. Her LinkedIn (same 'amydyslex' handle) is Amna Masood, Maven Logix [confidence: high]",https://pk.linkedin.com/in/amydyslex
Entrepreneur - Founder,36,35,Areeb Khan,Gender,Filled (web research),,Male,Bio: 'As the dynamic CEO of Areeb Innovations ... Areeb has positioned himself at the forefront of innovation.' [confidence: medium],https://www.ceorankings.com/areebkhan
Entrepreneur - Founder,36,35,Areeb Khan,City,Filled (web research),,Islamabad,"Page title 'Areeb Khan - CEO at Areeb Innovations, Islamabad'; LinkedIn areebkhanpakistan also gives Islamabad. [confidence: medium]",https://www.ceorankings.com/areebkhan
Entrepreneur - Founder,38,37,Arshad Ali,City,Filled (web research),,Karachi,"Arshad Ali (from Khushhali Microfinance Bank) became CEO of bSecure, a Z2C Limited venture; Z2C is headquartered in Karachi. His LinkedIn (ali-arshad) gives only 'Pakistan'. [confidence: medium]",https://propakistani.pk/2024/01/09/z2c-limited-to-scale-back-bsecure-amid-ott-push/
Entrepreneur - Founder,39,38,Asad Hashamali,Designation,Formatting,Co-founder / COO,Co-Founder / COO,"Title written in the file's dominant style ('Co-Founder', '&')",
Entrepreneur - Founder,39,38,Asad Hashamali,City,Filled (web research),,Karachi,"Asad H. Hashamali is co-founder of Alt Academy, an e-learning company 'headquartered in Karachi'. City comes from the company. [confidence: medium]",https://pk.linkedin.com/company/altacademyorg
Entrepreneur - Founder,41,40,Ashar Bazeb Saeed,City,Filled (web research),,Islamabad,"Ashar Bazeb Saeed is Founder & CEO of KytherTek (founded 2019), 'headquartered in Islamabad'. [confidence: medium]",https://pk.linkedin.com/company/kythertek
Entrepreneur - Founder,43,42,Asma Salman Omer,Designation,Formatting,Co-founder & COO,Co-Founder & COO,"Title written in the file's dominant style ('Co-Founder', '&')",
Entrepreneur - Founder,45,44,Ayesha Chaudhry,City,Filled (web research),,Lahore,"Her LinkedIn (ayeshachaudhry) gives 'Pakistan'. 10xEngineers' Pakistan HQ is in Lahore (World RISC-V Day 2025 was hosted 'at 10xEngineers HQ in Lahore'). The corporate registration is in Irvine, CA. [confidence: medium]",https://riscv.org/blog/world-risc-v-day-lahore-pakistan-2025/
Entrepreneur - Founder,46,45,Ayesha Nasir,Email,Formatting,Info@scaryammi.com; ayeshanasir.link@gmail.com,info@scaryammi.com; ayeshanasir.link@gmail.com,Email addresses lower-cased (they are case-insensitive),
Entrepreneur - Founder,46,45,Ayesha Nasir,City,Filled (web research),,Lahore,"Granta contributor bio: 'Ayesha Nasir is a journalist based in Lahore, Pakistan'. The Scaryammi founder is a journalist (Columbia J-school, Express News), and Scaryammi was recognised by Governor House Punjab. [confidence: medium]",https://granta.com/?p=14830
Entrepreneur - Founder,48,47,Babar Shehzad Abbasi,City,Standardisation,Abu Dhabi,"Abu Dhabi, United Arab Emirates","Non-Pakistan cities written as 'City, Country'",
Entrepreneur - Founder,51,50,Qurban Ali,City,Filled (web research),,Islamabad,"LinkedIn 'Qurban Ali - Infigo Solutions', based in Islamabad, Pakistan; Founder of Infigo Solutions (some sources say Founder & CTO). [confidence: medium]",https://www.linkedin.com/in/qurbanali/
Entrepreneur - Founder,53,52,Bilal Asif,Email,Formatting,Bilal@kikbits.com,bilal@kikbits.com,Email addresses lower-cased (they are case-insensitive),
Entrepreneur - Founder,54,53,Bilal Farooq,Email,Formatting,Bilal.farooq-ext@akdn.org,bilal.farooq-ext@akdn.org,Email addresses lower-cased (they are case-insensitive),
Entrepreneur - Founder,54,53,Bilal Farooq,City,Filled (web research),,Peshawar,"Bilal Farooq Khan (LinkedIn beekaypk, same as sheet) is 'a key figure in the startup ecosystem of Khyber Pakhtunkhwa' and 'heads the Marketing and Communications for the National Incubation Center Peshawar'. The sheet's AKDN email may mean a newer role. [confidence: medium]",https://nicpeshawar.pk/?p=13783
Entrepreneur - Founder,55,54,Bushra Latif,Email,Formatting,Bushra@nani.pk,bushra@nani.pk,Email addresses lower-cased (they are case-insensitive),
Entrepreneur - Founder,55,54,Bushra Latif,City,Filled (web research),,Lahore,"'Nani.pk is currently operating out of COLABS, in Gulberg, Lahore'. She is originally from Dera Ismail Khan. Source dates from 2022-2023. [confidence: medium]",https://thefridaytimes.com/30-Dec-2022/bushra-latif-is-changing-the-parenting-game
Entrepreneur - Founder,60,59,Dr Farah Essa Zaidi,Full Name,Formatting,Dr Farah Essa Zaidi,Dr. Farah Essa Zaidi,'Dr.' prefix written with a full stop like every other row,
Entrepreneur - Founder,63,62,Engr. Shahab Hadi,City,Filled (web research),,Peshawar,"Shahab Hadi is CEO/founder of BeOner, 'based in Peshawar, with an office at Office 8A, 3rd Floor Mall of KPK, University Road'. [confidence: medium]",https://changemakerssummit.pk/
Entrepreneur - Founder,64,63,Faheem Shafi,City,Filled (web research),,Islamabad,Same LinkedIn as sheet: 'Faheem Shafi - Chief Executive Officer - Global24(Pvt)Ltd Islamabad Pakistan' (since Aug 2017); Global 24's operating office is in Islamabad. [confidence: high],https://www.linkedin.com/in/faheem-shafi-7b07a119/
Entrepreneur - Founder,66,65,Faiser Shabbir,City,Filled (web research),,Rawalpindi,"ZoomInfo: 'Fasir Shabbir', CEO of Vantage Soft (vantage-soft.com), which is 'headquartered at 7 Bahria Town Intellectual Vlg, Rawalpindi'. [confidence: medium]",https://www.zoominfo.com/c/vantage-soft/510920831
Entrepreneur - Founder,67,66,Fakhar Javed,Email,Formatting,Fakharjaved49@gmail.com,fakharjaved49@gmail.com,Email addresses lower-cased (they are case-insensitive),
Entrepreneur - Founder,69,68,Farhan Ijaz,Email,Formatting,Farhan.infinitybits@gmail.com,farhan.infinitybits@gmail.com,Email addresses lower-cased (they are case-insensitive),
Entrepreneur - Founder,72,71,Fasih Sumar,Designation,Formatting,Co Founder,Co-Founder,"Title written in the file's dominant style ('Co-Founder', '&')",
Entrepreneur - Founder,72,71,Fasih Sumar,City,Filled (web research),,Karachi,"ZoomInfo: Fasih Sumar, Director, Business Operations at ALAF Digital, based in Karachi, Sindh. [confidence: medium]",https://www.zoominfo.com/p/Fasih-Sumar/5467623306
Entrepreneur - Founder,92,91,Imran Ali Khan,Department,Correction,EMPG,Dubizzle Group (formerly EMPG),EMPG was renamed Dubizzle Group; he is CEO & co-founder (2025 IPO coverage) [confidence: medium],https://gulfbusiness.com/en/2022/uae/dubai-based-empg-which-owns-bayut-dubizzle-raises-200m-in-funding/
Entrepreneur - Founder,92,91,Imran Ali Khan,City,Filled (web research),,"Dubai, United Arab Emirates","'Dubai-based EMPG, which owns Bayut & dubizzle'; Imran Ali Khan is CEO & co-founder of EMPG / Dubizzle Group (2025 Gulf News coverage of the DFM IPO quotes him as CEO). Group HQ is Dubai; his personal base is not stated explicitly. [confidence: medium]",https://gulfbusiness.com/en/2022/uae/dubai-based-empg-which-owns-bayut-dubizzle-raises-200m-in-funding/
Entrepreneur - Founder,94,93,Imtiaz N. Mohammad,Designation,Formatting,Founder and CEO,Founder & CEO,"Title written in the file's dominant style ('Co-Founder', '&')",
Entrepreneur - Founder,94,93,Imtiaz N. Mohammad,City,Filled (web research),,Karachi,"Listed as a mentor for the Karachi Founder Institute: 'Imtiaz N. Mohammad is the founder of OrangeFox, Pakistan's only marketing technology agency' (clients include Gul Ahmed, K-Electric, Pak Suzuki). [confidence: medium]",https://fi.co/insight/great-startup-mentors-confirmed-for-the-karachi-founder-institute
Entrepreneur - Founder,95,94,Iqtidar Haider,City,Filled (web research),,Lahore,"Mustang Communication / Mustang LED site names Iqtidar Haider as CEO; company address 513-GG Phase 4 DHA, Lahore. [confidence: medium]",https://mustangled.com/about-us/
Entrepreneur - Founder,97,96,Izzah Zaman,Designation,Formatting,Co-founder and CEO,Co-Founder & CEO,"Title written in the file's dominant style ('Co-Founder', '&')",
Entrepreneur - Founder,99,98,Jalil ur Rahman,Designation,Formatting,Co Founder and CEO,Co-Founder & CEO,"Title written in the file's dominant style ('Co-Founder', '&')",
Entrepreneur - Founder,102,101,Junaid Iqbal Khan,City,Filled (web research),,Islamabad,"Transworld Associates is headquartered in Islamabad; search results say 'Mr. Junaid Iqbal Khan is the CEO of Transworld Associates' (ex-Zain, Motorola, Jazz, PTCL). City comes from the company HQ. [confidence: medium]",https://en.wikipedia.org/wiki/Transworld_Associates
Entrepreneur - Founder,109,108,Kiran Noor Ulain,Email,Formatting,Kiranhasan2008@hotmail.com,kiranhasan2008@hotmail.com,Email addresses lower-cased (they are case-insensitive),
Entrepreneur - Founder,113,112,M. Ahmed Malik,City,Filled (web research),,Islamabad,"PMP course 'jointly offered by PIQC Institute of Quality-Lahore and Blue Peaks Consulting-Islamabad'. Ahmad Malik (PMP, PgMP) is a PMI trainer behind Blue Peaks Consulting. [confidence: medium]",https://piqc.edu.pk/project-management-professional/
Entrepreneur - Founder,115,114,M. Azam Mughal,City,Filled (web research),,Karachi,"SecureBeans (infosec, digital forensics consulting) is based in Karachi, Pakistan. The source does not name Azam; the city comes from the company location. [confidence: medium]",https://www.mustakbil.com/companies/company/104021
Entrepreneur - Founder,116,115,M. Farooq Umar,City,Filled (web research),,Rawalpindi,"Al Efah Technologies (military/aerospace GSE, EOD/bomb disposal) is based in Rawalpindi; LinkedIn muhammad-farooq-umar-7bb95a28 is 'Muhammad Farooq Umar - Al Efah Technologies'. [confidence: medium]",https://alefahtech.com/about/
Entrepreneur - Founder,120,119,M. Nash,Designation,Formatting,Cofounder and CEO,Co-Founder & CEO,"Title written in the file's dominant style ('Co-Founder', '&')",
Entrepreneur - Founder,121,120,M. Saad Soban,City,Filled (web research),,Islamabad,"FutureCue Pvt HQ: Plot 19, Al Abbas Plaza, 3rd Floor, next to Giga Mall, Islamabad. City comes from the company HQ. [confidence: medium]",https://www.zoominfo.com/c/futurecue-pvt-ltd/1319613440
Entrepreneur - Founder,122,121,AVM (R) Soban Nazir Syed,City,Filled (web research),,Islamabad,"'Soban Syed is the Founder and Chief Executive Officer of FutureCue Pvt, based in Islamabad, Pakistan... Air Vice Marshal (Retired)... previously Executive Director at PIA'. [confidence: high]",https://www.zoominfo.com/p/Soban-Syed/10754343932
Entrepreneur - Founder,134,133,Mehr Bedaar,Designation,Formatting,Co Founder,Co-Founder,"Title written in the file's dominant style ('Co-Founder', '&')",
Entrepreneur - Founder,139,138,Mohsin Amir,City,Filled (web research),,Gilgit,'IdeoMetriX was founded in December 2020 by Mohsin Amir and Muhammad Iqbal... based in Gilgit'. The LinkedIn URL mohsin-amir-glt matches the sheet. [confidence: medium],https://thekarakoram.com.pk/from-incubation-to-innovation-the-success-story-of-ideometrix/
Entrepreneur - Founder,144,143,Muhammad Azam,City,Filled (web research),,Rawalpindi,"Geomatic Technologies (Pvt) Ltd, HQ Rawalpindi: Business Center 306, Alpha Techno Square, NASTP, Old Airport, Chaklala, Rawalpindi. The source does not name the CEO. [confidence: medium]",https://pk.linkedin.com/company/geomatictechnologiespakistan
Entrepreneur - Founder,152,151,Muhammad Jahangir Ahmad,Email,Formatting,Jahangir@berastores.com,jahangir@berastores.com,Email addresses lower-cased (they are case-insensitive),
Entrepreneur - Founder,153,152,Muhammad Khalid,Designation,Formatting,CEO & Cofounder,CEO & Co-Founder,"Title written in the file's dominant style ('Co-Founder', '&')",
Entrepreneur - Founder,157,156,Muhammad Saad,Department,Standardisation,BridgeLinx Technologies,Bridgelinx Technologies,Same spelling as co-founder Muhammad Ahsan Tanveer's row,
Entrepreneur - Founder,160,159,Muhammad Talha,City,Filled (web research),,Lahore,"Deutics Global is a custom software company 'located in Lahore, Punjab' (founded 2017); Muhammad Talha is listed as Founder & CEO. [confidence: medium]",https://www.datanyze.com/companies/deutics-global/542089157
Entrepreneur - Founder,161,160,Dr. Muhammad Usman,Designation,Filled (web research),,AI Consultant,"LinkedIn (same URL as sheet) summary: 'Artificial Intelligence Consultant at TechQuest.AI'. Also Convener, ICCI Software Development Committee. Headline also shows FAST-NUCES. [confidence: medium]",https://pk.linkedin.com/in/drusmanmuhammad
Entrepreneur - Founder,161,160,Dr. Muhammad Usman,City,Filled (web research),,Islamabad,Profile says he is 'Convener of the ICCI [Islamabad Chamber of Commerce & Industry] Software Development Committee'. The city is inferred from the ICCI role. [confidence: medium],https://pk.linkedin.com/in/drusmanmuhammad
Entrepreneur - Founder,169,168,Dr. Nadeem,City,Filled (web research),,Rawalpindi,"RIMS (Research Instruments & Measurement Systems, rimsedu.com) corporate office: 88 Crimson Rd, Capital Business Ave, DHA-II, Rawalpindi. The domain matches the sheet's email; the source does not name Dr. Nadeem. [confidence: medium]",https://www.rozee.pk/company/research-instrument-and-measurement-systems/about
Entrepreneur - Founder,170,169,Nadeem Shaikh,City,Filled (web research),,Karachi,"'Karachi-based startup Neem raises $2.5 million... founded by Nadeem Shaikh, Vladimira Briestenska and Naeem Zamindar'. The source is from 2022. [confidence: medium]",https://techcrunch.com/2022/09/13/pakistan-embedded-financial-platform-neem-2-5-million-usd-seed-funding
Entrepreneur - Founder,182,181,Neelam Shoaib,Designation,Formatting,Co-founder and COO,Co-Founder & COO,"Title written in the file's dominant style ('Co-Founder', '&')",
Entrepreneur - Founder,184,183,Nida (Bukhari) Athar,City,Filled (web research),,Islamabad,"InnoVentures Global corporate office listed at 'F11 Markaz, House 631-B' (F-11 Markaz is in Islamabad; the listing's 'Karachi' label looks wrong); another listing (PitchBook) gives the HQ as Islamabad. This is the company's location; her own city is not stated. [confidence: medium]",https://www.arounddeal.com/c/innoventures-global-private-limited/t7wxrjklds
Entrepreneur - Founder,190,189,Omar Mukhtar,Designation,Formatting,Co Founder,Co-Founder,"Title written in the file's dominant style ('Co-Founder', '&')",
Entrepreneur - Founder,191,190,Osama Janjua,Email,Formatting,Osama@mediq.com.pk,osama@mediq.com.pk,Email addresses lower-cased (they are case-insensitive),
Entrepreneur - Founder,194,193,Qasim Asad Salam,City,Standardisation,San Francisco,"San Francisco, United States","Non-Pakistan cities written as 'City, Country'",
Entrepreneur - Founder,195,194,Raza Afzal,Email,Formatting,Raza@truckitin.com,raza@truckitin.com,Email addresses lower-cased (they are case-insensitive),
Entrepreneur - Founder,196,195,Razaullah K. Durrani,City,Filled (web research),,Multan,"Otium Technology 'headquartered in the city of Multan, Pakistan... to service the entire region of South Punjab'; Razaullah K. Durrani is its CEO (rdurrani.com). [confidence: medium]",https://www.otiumtech.com/about-us/
Entrepreneur - Founder,197,196,Rehan Akhtar,City,Filled (web research),,Islamabad,"ZoomInfo: Rehan Akhtar, Chair Programs and Partnerships, TiE Islamabad, based at Calmkaaj Crossroads, Farid Business Park I-10/3, Islamabad. This matches the sheet's 'Board Member, TiE'. Not linked to Myhisaab in the source. [confidence: medium]",https://www.zoominfo.com/p/Rehan-Akhtar/17687880094
Entrepreneur - Founder,198,197,Rezaa Sherazi,City,Filled (web research),,Islamabad,"His LinkedIn (same URL as the sheet) and rezaasherazi.com say he founded PropSel.com, studied at PMAS Arid Agriculture University Rawalpindi and 'is based in Islamabad'. [confidence: high]",https://www.linkedin.com/in/rezaasherazi/
Entrepreneur - Founder,199,198,Rozeena Saleha,City,Filled (web research),,Islamabad,"Kalam4Solutions is headquartered at Shangrilla Road, Sector E-8, Islamabad 44000. Rozeena Saleha is Founder & CEO (fi.co). This is the company's location. [confidence: medium]",https://www.cbinsights.com/company/kalam4solutions
Entrepreneur - Founder,204,203,Saadia Habib,City,Filled (web research),,Islamabad,"'Pakistan Flying Labs is located at Headstart School, Street 19A, F-6/2, Islamabad'. 'Ms Saadia Habib is Director of Robotics & STEM at Headstart' and Managing Director of Pakistan Flying Labs. [confidence: high]",https://flyinglabs.org/pakistan
Entrepreneur - Founder,218,217,Salman Younus,City,Filled (web research),,United Arab Emirates,The LinkedIn profile 'Salman Younas - XnRel' (same slug as the sheet) is on the UAE subdomain and says he is located in the United Arab Emirates. No city given. [confidence: medium],https://ae.linkedin.com/in/salmanyounus
Entrepreneur - Founder,220,219,Sameed Shah,Email,Formatting,Sameedshah9@gmail.com,sameedshah9@gmail.com,Email addresses lower-cased (they are case-insensitive),
Entrepreneur - Founder,227,226,Shaheer Ahmed,Designation,Formatting,CEO and Founder,CEO & Founder,"Title written in the file's dominant style ('Co-Founder', '&')",
Entrepreneur - Founder,230,229,Shaikh Ayaz Ali,City,Standardisation,Dubai,"Dubai, United Arab Emirates","Non-Pakistan cities written as 'City, Country'",
Entrepreneur - Founder,232,231,Shariq Thanvi,Department,Formatting,Saifst corp,Saifst Corp,Organisation name capitalisation,
Entrepreneur - Founder,239,238,Sheikh Abdul Qadir,City,Filled (web research),,Rawalpindi,"The P@SHA 2024 voter list shows IDRAK AI (Pvt.) Ltd. as a member in Rawalpindi, with Sheikh Abdul Qadir as its representative. This is the company's location. [confidence: medium]",https://www.pasha.org.pk/wp-content/uploads/P@SHA-Final-Voter-List-2024-1.pdf
Entrepreneur - Founder,240,239,Shifa Anwer,Email,Formatting,Shifaanwer381@gmail.com,shifaanwer381@gmail.com,Email addresses lower-cased (they are case-insensitive),
Entrepreneur - Founder,243,242,Sohail Ayub,City,Filled (web research),,Karachi,"'Sohail Ayub is the Chief Executive Officer of Axpert Vision Pvt Ltd, a company located in Karachi, Pakistan' (ZoomInfo/axpertvision.com snippets). Also a YouTube interview of 'Muhammad Sohail Ayub, CEO of Axpert Vision' at IDEAS. [confidence: medium]",https://www.zoominfo.com/c/axpert-vision-ltd/475613554
Entrepreneur - Founder,245,244,Sophia Hasnain,Designation,Formatting,Founder and CEO,Founder & CEO,"Title written in the file's dominant style ('Co-Founder', '&')",
Entrepreneur - Founder,245,244,Sophia Hasnain,Department,Correction,LInked Things,Linked Things,Typo (capital 'I'),
Entrepreneur - Founder,250,249,Syed Ghazanfar Sajjad,City,Filled (web research),,Karachi,"TELEC Electronics & Machinery (telec.com.pk) is a family company founded in Karachi in 1964 by Syed Azhar Sajjad. Address: 408, 4th Floor, Mehboob Chambers, Abdullah Haroon Rd, Saddar, Karachi. This is the company's location. [confidence: medium]",https://www.businesslist.pk/company/131354/telec-electronicsmachinery-pvt-ltd
Entrepreneur - Founder,257,256,Talha Fakhar,City,Filled (web research),,"Austin, TX, United States","Profile snippets (cohortmax / talhafakhar.com) describe 'a journey from Lahore, Pakistan to Austin, Texas, where he continues to create'. Founder of 2BTech LLC. He has a +92 number and an Agency Vista listing tied to Lahore, so he may split time between the two. Lahore is the alternative. [confidence: medium]",https://cohortmax.com/leaderships-and-ceo-insights/ceo-insights/building-bridges-between-coding-and-marketing-a-self-taught-journey-of-strategic-scaling/
Entrepreneur - Founder,259,258,Talha Masood,Designation,Formatting,Co-founder,Co-Founder,"Title written in the file's dominant style ('Co-Founder', '&')",
Entrepreneur - Founder,259,258,Talha Masood,Department,Standardisation,Remotebase.com,Remotebase,Same organisation name as Qasim Asad Salam's row,
Entrepreneur - Founder,264,263,Umar Dilawar,City,Filled (web research),,Rawalpindi,"Ripple Smart LLP is an IT services company based in Rawalpindi (founded 2023), per RocketReach/SignalHire. Umar Dilawar is not named in the snippet. This is the company's location. [confidence: medium]",https://rocketreach.co/ripple-smart-llp-management_b7371573c432cead
Entrepreneur - Founder,265,264,Umer Usman,City,Filled (web research),,Islamabad,"Devsiom Technologies' corporate office is at Office #1319, Street 46, Sector F-18, Islamabad. Umer Usman is listed as Co-Founder & CTO. [confidence: medium]",https://www.zoominfo.com/c/devsiom-technologies/564440304
Entrepreneur - Founder,271,270,Waleed Najam,Email,Formatting,Waleed@rankistan.com,waleed@rankistan.com,Email addresses lower-cased (they are case-insensitive),
Entrepreneur - Founder,274,273,Yashfa Zaman,Email,Formatting,Yashfayousafzai@gmail.com,yashfayousafzai@gmail.com,Email addresses lower-cased (they are case-insensitive),
Entrepreneur - Founder,275,274,Yasir Shamim,City,Filled (web research),,Islamabad,"Andrew Paints (email info@andrewpaints.com, matching the sheet) has its head office and factory at Plot 38, Industrial Triangle Area, Kahuta Road, Islamabad. This is the company's location. [confidence: medium]",https://www.andrewpaints.com/
Entrepreneur - Founder,277,276,Yazerial Javaid,Full Name,Correction,Yazerial Javaid,Yazerail Javaid,Likely transposition typo: his own email (yazerailb@...) and LinkedIn slug (yazerail-j-...) both spell 'Yazerail' [confidence: medium],(from the row's own email and LinkedIn)
Entrepreneur - Founder,279,278,Zafar Khan,Department,Formatting,Truckistan technology,Truckistan Technology,Organisation name capitalisation,
Entrepreneur - Founder,282,281,Zarmina Sanam,City,Filled (web research),,Lahore,"U.S. Embassy release: 'Zarmina Sanam (Lahore)' received an honorable mention for Skill2Success. ZoomInfo also lists Skill2Success HQ at NASTP, Lahore. [confidence: high]",https://pk.usembassy.gov/u-s-embassy-awards-20000-in-seed-funding-to-women-entrepreneurs/
Entrepreneur - Founder,283,282,Zeeshan Aftab,City,Standardisation,London,"London, United Kingdom","Non-Pakistan cities written as 'City, Country'",
Entrepreneur - Founder,285,284,Zeeshan Qedwaee,Designation,Filled (web research),,Founder,"'Zeeshan Qedwaee - Founder at Tech Comrad'. He is also a Founding Member of the World Metaverse Council. His current LinkedIn headline reads 'AI Governance Corridor', so his title may have changed. [confidence: medium]",https://theorg.com/org/tech-comrad/org-chart/zeeshan-qedwaee
Entrepreneur - Founder,286,285,Zehra Shallwani,Designation,Formatting,director & CEO,Director & CEO,"Title written in the file's dominant style ('Co-Founder', '&')",
Entrepreneur - Founder,286,285,Zehra Shallwani,Department,Formatting,Dastaan tours,Dastaan Tours,Organisation name capitalisation,
Entrepreneur - Founder,287,286,Zia Ur Rehman,City,Filled (web research),,Rawalpindi,"The LinkedIn profile (same URL as the sheet), 'Zia-Ur-Rehman Abbasi - CEO - Falcon Systems Pvt Ltd', says he is based in Rawalpindi. ZoomInfo lists Falcon Systems' HQ in Ghauri Town, Islamabad. [confidence: medium]",https://www.linkedin.com/in/zia-ur-rehman-abbasi-b0b9b533/
Incubator - Accelerator,12,11,Ali Oosman,City,Filled (web research),,"Dubai, United Arab Emirates","Interview: Ali Samir Oosman, Strategic Partnerships at Microsoft for Startups, based in Dubai. Disrupt.com is also headquartered in Dubai. [confidence: medium]",https://eastwesthurricane.substack.com/p/my-interview-with-ali-samir-strategic
Incubator - Accelerator,13,12,Shehryar Hydri,Gender,Filled (web research),,Male,Profile: 'With two decades of experience ... he is a central architect of Pakistan's modern startup infrastructure.' Appointed MD of Endeavor Pakistan in Nov 2023. [confidence: medium],https://yespress.io/shehryar-hydri
Incubator - Accelerator,23,22,Hannan Hayat,Email,Formatting,Hannan.hayat@gametrain.org,hannan.hayat@gametrain.org,Email addresses lower-cased (they are case-insensitive),
Incubator - Accelerator,24,23,Humaira Sajjad,Department,Standardisation,National Science & Technology Park (NSTP),"National Science & Technology Park (NSTP), NUST",Same organisation name as other NSTP rows,
Incubator - Accelerator,24,23,Humaira Sajjad,Email,Formatting,Mgr.prog@nstp.pk,mgr.prog@nstp.pk,Email addresses lower-cased (they are case-insensitive),
Incubator - Accelerator,26,25,Kamran Taufiq Khan,Email,Formatting,Masud@changemechanics.pk,masud@changemechanics.pk,Email addresses lower-cased (they are case-insensitive),
Incubator - Accelerator,30,29,Mahjabeen Alvina,Email,Formatting,Jabadvina@gmail.com,jabadvina@gmail.com,Email addresses lower-cased (they are case-insensitive),
Incubator - Accelerator,30,29,Mahjabeen Alvina,City,Filled (web research),,Karachi,"NED University graduate. She led 'Pakistan's only Startup Lab at the largest American Space', and that Startup Lab was launched by the U.S. Consulate General Karachi (bahria.edu.pk/bukc). [confidence: medium]",https://womenintechpk.com/mahjabeen-alvina-incredible-womenintechpk/
Incubator - Accelerator,38,37,Najam us Sahar Durrani,Email,Formatting,Najamussahardurrani@gmail.com,najamussahardurrani@gmail.com,Email addresses lower-cased (they are case-insensitive),
Incubator - Accelerator,48,47,Samar Hasan,City,Standardisation,Dubai,"Dubai, United Arab Emirates","Non-Pakistan cities written as 'City, Country'",
Incubator - Accelerator,50,49,Sayyed Ahmad Masud,Email,Formatting,Masud@changemechanics.pk,masud@changemechanics.pk,Email addresses lower-cased (they are case-insensitive),
Incubator - Accelerator,54,53,Sidra Amin,Email,Formatting,Sidraaminq@gmail.com,sidraaminq@gmail.com,Email addresses lower-cased (they are case-insensitive),
Incubator - Accelerator,54,53,Sidra Amin,City,Filled (web research),,Islamabad,"New Energy Nexus 'Program Manager, Pakistan' (CLIP) role listed as located in Islamabad. This matches her title. [confidence: medium]",https://climatebase.org/job/57518929/program-manager-pakistan
Incubator - Accelerator,56,55,Syed Ali Aqa Gardezi,City,Filled (web research),,Lahore,GEN profile: 'hailing from Multan ... spearheaded the creation of ... SparkTank Incubator ... Ali is based in Lahore.' [confidence: medium],https://www.genglobal.org/user/syedaliaqa
Incubator - Accelerator,58,57,Syed Taimoor Hassan,Email,Formatting,Taimoor@fui.edu.pk; taimoorhassan02@gmail.com,taimoor@fui.edu.pk; taimoorhassan02@gmail.com,Email addresses lower-cased (they are case-insensitive),
Incubator - Accelerator,60,59,Dr. Umber Noreen,Email,Formatting,Director.ORIC@mul.edu.pk,director.oric@mul.edu.pk,Email addresses lower-cased (they are case-insensitive),
Investor,3,2,Adeel Shahid,City,Standardisation,Kuwait,"Kuwait City, Kuwait","Non-Pakistan cities written as 'City, Country' (Arzan VC is in Kuwait City)",
Investor,8,7,Fahad Asad,City,Filled (web research),,Islamabad,"LinkedIn (same URL as the sheet) title: 'Fahad Asad - Islamabad, Islamabad, Pakistan'. Mentor & founding member, AugMentor angel syndicate. [confidence: high]",https://www.linkedin.com/in/fahad-asad-61265415/
Investor,17,16,Nayab Babar,Email,Correction,nayabb.psf@ignite.org.pk; nayabb.psf@ignite.org,nayabb.psf@ignite.org.pk,Second address was a truncated duplicate (Ignite's domain is ignite.org.pk),
Investor,19,18,Rabeel Warraich,Designation,Formatting,Founder and CEO,Founder & CEO,"Title written in the file's dominant style ('Co-Founder', '&')",
Investor,20,19,Rafaeel Chaudhry,City,Filled (web research),,"Toronto, ON, Canada","Listed as based in Toronto, Ontario, Canada. He is also President of FAST-NU Alumni Canada. [confidence: medium]",https://prospeo.io/p/rafaeel-chaudhry-email-and-phone
Investor,24,23,Salaal Hasan,Department,Filled (web research),,Ahya Technologies,"Founder & CEO of Ahya (AI climate software, UAE/KSA/Pakistan). Formerly Executive Director, Venture Capital at JS (Jahangir Siddiqui) and Dubai International Capital. [confidence: high]",https://aiforgood.itu.int/speaker/salaal-hasan/
