Tab,Excel Row,S.No,Full Name,Field,Current Value,Issue (not changed in the sheet),Suggested Value / Lead,Confidence,Source / Evidence
Mentors - Prof. Speaker,8,7,Dr. Abdul Waheed,Designation,,Possible value found but NOT added (weak/conflicting evidence),"Faculty, Aerospace Engineering (Aerospace Instrumentation)",low,https://lms.ist.edu.pk/ | IST LMS lists Dr. Abdul Waheed as instructor of Aerospace Instrumentation (3rd semester Aerospace). Exact rank not found. Note: Abdul Waheed Kandhro is IST's Addl Registrar but is not listed as Dr.
Mentors - Prof. Speaker,11,10,Dr. Adil Masood Siddiqui,Contact No.,+92 51 927294,Number looks incomplete (only 6 digits after the 51 area code),,,
Mentors - Prof. Speaker,23,22,Dr. Asif Masood,Email,dean@mcs.edu.pk,"dean@mcs.edu.pk is the Dean's role mailbox; he is no longer Dean (the current Dean in this sheet is Dr. Adil Masood Siddiqui), so mail will not reach him",,,
Mentors - Prof. Speaker,30,29,Dr. Awais Majeed,Email,hodse@bahria.edu.pk; awaismajeed.buic@bahria.edu.pk,hodse@bahria.edu.pk is the HOD's role mailbox; he was HOD only to Jan 2024 - use his personal address,,,
Mentors - Prof. Speaker,31,30,Dr. Azam Arastu,City,,Possible value found but NOT added (weak/conflicting evidence),"Los Angeles, CA, United States",low,"https://www.linkedin.com/in/dr-azam-arastu-a24682a/ | Career at Boeing Satellite Development Center and Spectrolab (Sylmar, LA area). A people-search listing places him in Porter Ranch, CA (LA). No professional bio states his city."
Mentors - Prof. Speaker,41,40,Esha Tanzeem,Department,Quaid-i-Azam University (QAU),Department is QAU but her email is at Shifa (shifa.com.pk) - confirm current employer,,,
Mentors - Prof. Speaker,46,45,Dr. Farooq Bin Akram,Designation,Aerospace Engineering (CAE); no longer listed as HOD,Department/City were corrected to CAE Risalpur based on his CAE email and profile link; no 2025-26 source confirms he is still posted at CAE,,medium,https://en.wikipedia.org/wiki/College_of_Aeronautical_Engineering
Mentors - Prof. Speaker,49,48,Dr. Ghazala Khan,City,,Possible value found but NOT added (weak/conflicting evidence),Peshawar,low,https://pk.linkedin.com/in/drghazalakhan | LinkedIn (same URL as the sheet) headline: 'All Pakistan Women Association (APWA) KPK Chapter'. She also represented the UAE Women Chamber for Khyber Pakhtunkhwa. Peshawar is inferred from the KPK chapter.
Mentors - Prof. Speaker,52,51,Dr. Haider Abbas,Contact No.,+92 51 9270,Number is incomplete (only 4 digits after the 51 area code),,,
Mentors - Prof. Speaker,57,56,Dr. Ibraheem Haneef,Email,ibraheem.haneef@mail.au.edu.pk,Email is at Air University but the Designation says he is now at NUST SMME - may be outdated,,,
Mentors - Prof. Speaker,62,61,Dr. Imran Riaz Malik,Gender,,Possible value found but NOT added (weak/conflicting evidence),Male,low,"https://cust.edu.pk/our_team/dr-imran-riaz-malik-2/ | The search summary of the CUST profile reads 'Associate Professor at CUST ... a position he has held since 2022'. The page is blocked, so the verbatim pronoun is unverified. CUST lists him as Associate Professor (PhD Finance, IMSciences)."
Mentors - Prof. Speaker,63,62,Dr. Junaid Imtiaz,Email,hodeeisb@bahria.edu.pk; junaidimtiaz.buic@bahria.edu.pk,hodeeisb@bahria.edu.pk is the HOD's role mailbox; he was HOD only to Feb 2025 - use his personal address,,,
Mentors - Prof. Speaker,64,63,Karishma Zaka Ullah,City,,Possible value found but NOT added (weak/conflicting evidence),Peshawar,low,"https://codeforpakistan.org/about/people/karishma-zakaullah | Code for Pakistan bio: Program Coordinator expanding outreach through the KP Women Civic Digital Internship program. Peshawar is inferred from the KP program, not stated."
Mentors - Prof. Speaker,66,65,Dr. Kashif Kifayat,Designation,"Vice Chancellor Academic Affairs & Director Research and Innovation; Professor of Cyber Security; formerly Dean FCAI, Air University and Director, National Centre for Cyber Security","His CV on ukf.ac.ae lists Dean, College of Computing & Intelligent Systems and Dean of Research & Innovation; sheet says Vice Chancellor Academic Affairs - confirm which is current","Dean, College of Computing & Intelligent Systems; Dean of Research & Innovation",high,https://ukf.ac.ae/staffCV/Computing/KK.pdf
Mentors - Prof. Speaker,70,69,Dr. Khattak,Full Name,Dr. Khattak,Incomplete name (first name or surname missing) - hard to identify or verify,,,
Mentors - Prof. Speaker,78,77,Dr. Maha Rehman,City,,Possible value found but NOT added (weak/conflicting evidence),"Karlsruhe, Germany",low,"https://www.jkip.kit.edu/botzell/espanol/2549_3127.php | KIT (Joseph Gottlieb Koelreuter Institut, Karlsruhe) page lists Maha Rehman doing algal biotechnology/Spirulina research. Her PhD is from Kohat University of Science & Technology, so Kohat is possible if she has returned to Pakistan."
Mentors - Prof. Speaker,114,113,Dr. Naseem Iqbal,Gender,,Possible value found but NOT added (weak/conflicting evidence),Male,low,"https://iiu.edu.pk/conferences/pgsret2018/Local Speakers.html | The search summary of the IIU PGSRET-2018 speaker bio/CV: 'He had visiting/exchange faculty experience at Arizona State University'. The verbatim pronoun is unverified. The bio lists him as Head of Energy Systems Engineering, USPCAS-E, NUST."
Mentors - Prof. Speaker,131,130,Qaiser Rehman,Department,,Possible value found but NOT added (weak/conflicting evidence),Freelancer (Fiverr),low,https://it.fiverr.com/qaiserrehman | Fiverr seller 'qaiserrehman': Full-Stack Developer / Digital Product Architect based in Pakistan. The match to the 'qxr' LinkedIn profile is not confirmed.
Mentors - Prof. Speaker,134,133,Dr. Raja Amer Azim,Contact No.,+92 51 5444430,"7 digits after 51, while the other CEME numbers in this sheet have 8 (5444xxxx) - a digit may be missing",,,
Mentors - Prof. Speaker,149,148,Dr. Sikandar,Full Name,Dr. Sikandar,Incomplete name (first name or surname missing) - hard to identify or verify,,,
Mentors - Prof. Speaker,152,151,Dr. Syed Irtiza Ali Shah,Email,irtiza@mail.au.edu.pk,"Email is at Air University but he is now Principal & Dean, NUST SINES - may be outdated",,,
Mentors - Prof. Speaker,155,154,Dr. Tazeen,Full Name,Dr. Tazeen,Incomplete name (first name or surname missing) - hard to identify or verify,,,
Mentors - Prof. Speaker,158,157,Usman Aslam,City,,Possible value found but NOT added (weak/conflicting evidence),"San Francisco, CA, United States",low,"https://www.linkedin.com/in/usmanaslam712/ | The search summary of the LinkedIn/RocketReach profile (same handle) says 'based in San Francisco, CA' as Founding DevRel Lead at Fastn. This conflicts with the +92 number and the 10Pearls role, and the location may reflect Fastn HQ. Earlier roles at NUST suggest Islamabad as the alternative."
Mentors - Prof. Speaker,161,160,Dr. Zafar Ullah Koreshi,Email,zafar@mail.au.edu.pk,Email is at Air University but the Designation says he left (now Solved Engineering) - may be outdated,,,
Mentors - Prof. Speaker,164,163,Dr. Zubair,Full Name,Dr. Zubair,Incomplete name (first name or surname missing) - hard to identify or verify,,,
Industrialist - Government,4,3,Abdul Wahab Ahmad,Email,startups@pasha.org.pk; delegations@pasha.org.pk,"Shared P@SHA mailbox and P@SHA office number - an organisation channel, not this person's own contact",,,
Industrialist - Government,10,9,Afsheen Iftikhar,Email,startups@pasha.org.pk; delegations@pasha.org.pk,"Shared P@SHA mailbox and P@SHA office number - an organisation channel, not this person's own contact",,,
Industrialist - Government,16,15,Air Cdre Irteza,Full Name,Air Cdre Irteza,Incomplete name (first name or surname missing) - hard to identify or verify,,,
Industrialist - Government,19,18,Air Cdre Tauseef,Full Name,Air Cdre Tauseef,Incomplete name (first name or surname missing) - hard to identify or verify,,,
Industrialist - Government,25,24,Amanullah Qureshi,Full Name,Amanullah Qureshi,News reports name PIA's Chief of Training & Development as 'Inamullah Qureshi' - check against his LinkedIn,Inamullah Qureshi,low,https://en.dailypakistan.com.pk/?p=263779
Industrialist - Government,26,25,AVM Amir Hayat,City,,Possible value found but NOT added (weak/conflicting evidence),Karachi,low,"https://profit.pakistantoday.com.pk/?p=181998 | Inferred from the PIA head office in Karachi, where he served as CEO/Acting CEO (2022-2025). His current base after leaving PIA is unknown."
Industrialist - Government,30,29,Asim Ishaq Khan,Email,startups@pasha.org.pk; delegations@pasha.org.pk,"Shared P@SHA mailbox and P@SHA office number - an organisation channel, not this person's own contact",,,
Industrialist - Government,41,40,Faiza Yousuf,Email,startups@pasha.org.pk; delegations@pasha.org.pk,"Shared P@SHA mailbox and P@SHA office number - an organisation channel, not this person's own contact",,,
Industrialist - Government,47,46,Gp Capt Qasim,Full Name,Gp Capt Qasim,Incomplete name (first name or surname missing) - hard to identify or verify,,,
Industrialist - Government,48,47,Group Captain Amir,Designation,,Possible value found but NOT added (weak/conflicting evidence),Chief Information Officer (CIO),low, | Inferred only from the role mailbox cio@nastp.gov.pk. No public source found that confirms the title.
Industrialist - Government,48,47,Group Captain Amir,Full Name,Group Captain Amir,Incomplete name (first name or surname missing) - hard to identify or verify,,,
Industrialist - Government,48,47,Group Captain Amir,Designation,,"Role mailbox cio@nastp.gov.pk suggests Chief Information Officer, but no source confirms",Chief Information Officer (CIO),low,
Industrialist - Government,49,48,Group Captain Babar,Full Name,Group Captain Babar,Incomplete name (first name or surname missing) - hard to identify or verify,,,
Industrialist - Government,56,55,Hozaima Malik,City,,Possible value found but NOT added (weak/conflicting evidence),Islamabad,low,"https://startup.pk/murtaza-zaidi-founder-cybervision-international-startup-stories/ | Inferred from the Cybervision office address (Paradise Plaza, E-11/3, Islamabad, tel 051) and its NIC Islamabad work. Not person-specific."
Industrialist - Government,63,62,Kheezran Khan,Email,startups@pasha.org.pk; delegations@pasha.org.pk,"Shared P@SHA mailbox and P@SHA office number - an organisation channel, not this person's own contact",,,
Industrialist - Government,64,63,Khurram Mushtaq,Designation,,Possible value found but NOT added (weak/conflicting evidence),"Chief Operating Officer (former Acting CEO, Dec 2024)",low,"https://en.dailypakistan.com.pk/01-Jan-2025/air-vice-marshal-amir-hayat-reappointed-as-pia-ceo | PIA named senior executive Khurram Mushtaq acting CEO on 6 Dec 2024 (profit.pakistantoday.com.pk/?p=179347). When AVM Amir Hayat was reappointed, reports said Mushtaq was made COO, but Pakobserver said he was 'shown the door'. His post-privatisation (2026) role is unverified."
Industrialist - Government,64,63,Khurram Mushtaq,City,,Possible value found but NOT added (weak/conflicting evidence),Karachi,low,https://profit.pakistantoday.com.pk/?p=179347 | Inferred from the PIA head office in Karachi. No source places him personally.
Industrialist - Government,75,74,Mahnoor Suhail,Email,startups@pasha.org.pk; delegations@pasha.org.pk,"Shared P@SHA mailbox and P@SHA office number - an organisation channel, not this person's own contact",,,
Industrialist - Government,79,78,Misbah Z.,Full Name,Misbah Z.,Incomplete name (first name or surname missing) - hard to identify or verify,,,
Industrialist - Government,80,79,Mohammad Wasim Khokhar,City,,President of the Czech-Pakistan Chamber (registered in Prague); city could be Prague or Gujranwala,,low,https://admin.gbc.org.pk/uncategorized/gbc-signs-mou-with-czech-pak-chamber-of-commerce
Industrialist - Government,91,90,Noman Hassan,Email,startups@pasha.org.pk; delegations@pasha.org.pk,"Shared P@SHA mailbox and P@SHA office number - an organisation channel, not this person's own contact",,,
Industrialist - Government,97,96,Rafia Syed,City,Islamabad,City is Islamabad but both numbers are Karachi (021); TDAP head office is in Karachi - confirm,,,
Industrialist - Government,98,97,Raheel Iqbal,City,,Possible value found but NOT added (weak/conflicting evidence),Lahore,low,https://propakistani.pk/?p=594252 | Weak signal: as P@SHA Vice Chairman he gave the closing remarks at the HBL P@SHA CXO Meetup in Lahore in July 2026. The exact source URL is uncertain (propakistani search hit).
Industrialist - Government,98,97,Raheel Iqbal,Email,startups@pasha.org.pk; delegations@pasha.org.pk,"Shared P@SHA mailbox and P@SHA office number - an organisation channel, not this person's own contact",,,
Industrialist - Government,107,106,Sajjad Syed,Email,delegations@pasha.org.pk; startups@pasha.org.pk,"Shared P@SHA mailbox and P@SHA office number - an organisation channel, not this person's own contact",,,
Industrialist - Government,110,109,Salman Ahmed,City,,Possible value found but NOT added (weak/conflicting evidence),Islamabad,low,"https://startup.pk/murtaza-zaidi-founder-cybervision-international-startup-stories/ | Inferred from the Cybervision office address (E-11/3, Islamabad). Not person-specific."
Industrialist - Government,113,112,Sana Hussain,Email,startups@pasha.org.pk; delegations@pasha.org.pk,"Shared P@SHA mailbox and P@SHA office number - an organisation channel, not this person's own contact",,,
Industrialist - Government,129,128,Usman Kirmani,Department,USAID IPA,USAID programmes in Pakistan were wound down in 2025 - role may have ended,,medium,https://chemonics.com/person/usman-kirmani
Industrialist - Government,137,136,Wg Cdr Mehmood,Full Name,Wg Cdr Mehmood,Incomplete name (first name or surname missing) - hard to identify or verify,,,
Entrepreneur - Founder,11,10,Ahmed Javed Vaseer,City,,Possible value found but NOT added (weak/conflicting evidence),"Union City, CA, United States",low,"https://www.linkedin.com/in/ahmedvaseer/ | LinkedIn title 'Ahmed Vaseer - Union City, California, United States'; about.me says San Francisco. Conflicts with Pakistan activity: AppsGenii HQ Lahore, and he stood for the P@SHA 2026-28 CEC at a Lahore candidates event. Lahore is the alternative; needs a human decision."
Entrepreneur - Founder,13,12,Ahsan Iftikhar,Email,abid@nicat.pk,"This is NICAT Program Manager Abid Gul's email/phone (used as the contact channel for NICAT startups), not the founder's own",,,
Entrepreneur - Founder,17,16,Air Cdre (R) Khalid Mahmood,City,,Possible value found but NOT added (weak/conflicting evidence),Islamabad,low,"https://www.linkedin.com/in/khalid-mahmood-1632779b/ | Same LinkedIn as sheet: CEO of Air Eagle Pvt Ltd (charter cargo airline) from 2020 for about 4.5 years. Air Eagle is based at Islamabad International Airport (airhex/CAPA). City comes from the company, and he appears to have left."
Entrepreneur - Founder,17,16,Air Cdre (R) Khalid Mahmood,Designation,CEO,LinkedIn says he left Air Eagle after ~4.5 years; headline now 'Freelance',"Former CEO, Air Eagle",medium,https://www.linkedin.com/in/khalid-mahmood-1632779b/
Entrepreneur - Founder,20,19,Ali Pirzada,LinkedIn Profile,https://www.linkedin.com/in/ali-pirzada-19073a24/,"The TalentBase.AI founder (ex-Air University, matching his au.edu.pk email) appears to be /in/alijavedpirzada/; the sheet's URL did not show up in any search",https://www.linkedin.com/in/alijavedpirzada/,medium,https://www.linkedin.com/in/alijavedpirzada/
Entrepreneur - Founder,26,25,Amina,Full Name,Amina,Incomplete name (first name or surname missing) - hard to identify or verify,,,
Entrepreneur - Founder,27,26,Amir Zahoor,City,,Possible value found but NOT added (weak/conflicting evidence),Karachi,low,"https://www.b2bpakistan.com/11/construction_machinery-auto_track_international-43154.html | Old directory listing: Auto Track International, 811 Uni Shopping Centre, Abdullah Haroon Rd, Saddar, Karachi; contact person 'Chaudhry Amir Zaheer'. The listing is dated and the spelling differs."
Entrepreneur - Founder,30,29,Amna Masood,Email,startups@pasha.org.pk; delegations@pasha.org.pk,"Shared P@SHA mailbox and P@SHA office number - an organisation channel, not this person's own contact",,,
Entrepreneur - Founder,30,29,Amna Masood,City,Lahore,"Her LinkedIn location is Islamabad, sheet says Lahore",Islamabad,medium,https://pk.linkedin.com/in/amydyslex
Entrepreneur - Founder,33,32,Anosha Zia,Email,abid@nicat.pk,"This is NICAT Program Manager Abid Gul's email/phone (used as the contact channel for NICAT startups), not the founder's own",,,
Entrepreneur - Founder,38,37,Arshad Ali,Department,bSecure,bSecure was scaled back in early 2024 (folded into Begin.Watch); he is also described as CEO of Z2C Limited,"CEO, Z2C Limited",low,https://propakistani.pk/2024/01/09/z2c-limited-to-scale-back-bsecure-amid-ott-push/
Entrepreneur - Founder,50,49,Bilal Ahmed,City,,Possible value found but NOT added (weak/conflicting evidence),Rawalpindi,low,"https://themanifest.com/company/infigo-solutions | Infigo Solutions is 'headquartered in Denver, Colorado and Rawalpindi, Pakistan'. Nothing personal to Bilal Ahmed was found, so this comes from the company only."
Entrepreneur - Founder,67,66,Fakhar Javed,City,,Possible value found but NOT added (weak/conflicting evidence),Kohat,low,"https://www.signalhire.com/companies/infusible-coder-pvt-ltd | Infusible Coder Pvt Ltd is 'a software house and training center located in Kohat' (another listing puts the HQ at D-12 Markaz, Islamabad); Fakhar Javed studied at Kohat University of S&T. City comes from the company."
Entrepreneur - Founder,67,66,Fakhar Javed,Designation,Co-Founder & General Manager,"ZoomInfo lists him as 'Manager, Human Resources' at Infusible Coder (aggregator data)",,low,https://www.signalhire.com/companies/infusible-coder-pvt-ltd
Entrepreneur - Founder,70,69,Farhan Younas,City,,Possible value found but NOT added (weak/conflicting evidence),"San Francisco, CA, United States",low,"https://www.linkedin.com/in/farhan-younas/ | A Farhan Younas (Wells Fargo; board member and investor; posts about Pakistan startups) is located in San Francisco. A Farhan Younas is also a partner at Trade Dynamics International LLC (Lewes, Delaware). It is uncertain that these are one person and that he is the sheet's contact."
Entrepreneur - Founder,72,71,Fasih Sumar,Designation,Co Founder,"ZoomInfo lists him as 'Director, Business Operations' at ALAF Digital",,low,https://www.zoominfo.com/p/Fasih-Sumar/5467623306
Entrepreneur - Founder,76,75,Hafiz Yunus,City,,Possible value found but NOT added (weak/conflicting evidence),Rawalpindi,low,https://www.jobz.pk/company/xad-technologies-pvt/ | XAD Technologies' Pakistan office is in Rawalpindi (head office in Dubai). Nothing personal to Hafiz Yunus was found; city comes from the company only.
Entrepreneur - Founder,77,76,Haider,Full Name,Haider,Incomplete name (first name or surname missing) - hard to identify or verify,,,
Entrepreneur - Founder,80,79,Hamad Pervaiz,Email,startups@pasha.org.pk; delegations@pasha.org.pk,"Shared P@SHA mailbox and P@SHA office number - an organisation channel, not this person's own contact",,,
Entrepreneur - Founder,91,90,Illum Khan,Gender,,Possible value found but NOT added (weak/conflicting evidence),Male,low,"https://propakistani.pk/2025/05/08/nic-peshawar-and-invest2innovate-launch-kps-first-angel-investor-network-and-syndicate-through-invest-lab/amp/ | Search summary of ProPakistani (May 2025) article on NIC Peshawar angel syndicate: 'Illum Khan, COO of Evamp & Saanga and Chairman of NIC Peshawar Strategic Council... He emphasized that building a strong investor community in KP is essential'. Pronoun seen only in the search summary; the article itself could not be fetched (blocked), so verify before using."
Entrepreneur - Founder,111,110,M. Abdullah Afzal,Email,abid@nicat.pk,"This is NICAT Program Manager Abid Gul's email/phone (used as the contact channel for NICAT startups), not the founder's own",,,
Entrepreneur - Founder,112,111,M. Abu Bakar bin Muzaffar,City,,Possible value found but NOT added (weak/conflicting evidence),Karachi,low,"https://pk.linkedin.com/company/star-communication-services | STARCOM group (Star Communication Services / STARCOM Technologies Pvt Ltd), a telecom system integrator founded 2004, HQ Karachi. Not confirmed that this is the same firm as starcom.net.pk or that he leads it."
Entrepreneur - Founder,118,117,Hardy Chaudry,City,Rawalpindi,"A people-data profile places him in Houston, TX (unreliable source); Backendz HQ is Rawalpindi","Houston, TX, United States",low,
Entrepreneur - Founder,123,122,M. Taimur Ali,Email,abid@nicat.pk,"This is NICAT Program Manager Abid Gul's email/phone (used as the contact channel for NICAT startups), not the founder's own",,,
Entrepreneur - Founder,124,123,M. Talal Ejaz,Email,abid@nicat.pk,"This is NICAT Program Manager Abid Gul's email/phone (used as the contact channel for NICAT startups), not the founder's own",,,
Entrepreneur - Founder,130,129,Malik Shahzada Sohail Awan,City,,Possible value found but NOT added (weak/conflicting evidence),Islamabad,low,https://www.inflightxpress.com/ | Inflight Xpress (aviation consultancy; LinkedIn /in/inflightxpress = 'Shahzada Sohail - Inflight Xpress') 'appears to be headquartered in Islamabad' per search summary. Weak evidence.
Entrepreneur - Founder,133,132,Masab Jamal,City,,Possible value found but NOT added (weak/conflicting evidence),Kohat,low,"https://www.zoominfo.com/pic/brandora/1316453020 | ZoomInfo lists Brandora as HQ in Kohat, KP and Masab Jamal as Product Designer there. Behance says only 'Product Designer in Pakistan'. Weak evidence; verify."
Entrepreneur - Founder,135,134,Mian Imran Ali Shah,City,,Possible value found but NOT added (weak/conflicting evidence),Islamabad,low,"https://clutch.co/profile/softech-business-services | Softech Business Services has offices in Bristol UK and Islamabad (PK office: State Life Tower, Blue Area). He is CEO, a UK company director and a British national, so he may be based in Bristol, United Kingdom instead."
Entrepreneur - Founder,137,136,Dr. Moazam Maqsood,Email,startups@paf-iast.edu.pk,Shared PAF-IAST Business Incubation Center mailbox - not this person's own contact,,,
Entrepreneur - Founder,139,138,Mohsin Amir,Designation,CEO & Founder,"LinkedIn headline reads 'Co-Founder, Business Development and PR Executive - IdeoMetriX'; another source lists a different CEO",Co-Founder,medium,https://thekarakoram.com.pk/from-incubation-to-innovation-the-success-story-of-ideometrix/
Entrepreneur - Founder,141,140,Monis Rahman,City,,Possible value found but NOT added (weak/conflicting evidence),Lahore,low,"https://en.wikipedia.org/wiki/Monis_Rahman | Born in Lahore; founder/chairman of Rozee.pk (Lahore); on the Board of Governors of TiE Lahore. But Recruit AI (his current org) is HQ'd in San Diego (CB Insights), so he may be US-based."
Entrepreneur - Founder,141,140,Monis Rahman,City,,Recruit AI is HQ'd in San Diego; could be Lahore or San Diego,,low,https://en.wikipedia.org/wiki/Monis_Rahman
Entrepreneur - Founder,145,144,Muhammad Azeem Akram,Email,startups@pasha.org.pk; delegations@pasha.org.pk,"Shared P@SHA mailbox and P@SHA office number - an organisation channel, not this person's own contact",,,
Entrepreneur - Founder,147,146,Dr. Muhammad Ejaz Siddiqui,City,,Possible value found but NOT added (weak/conflicting evidence),Rawalpindi,medium,"https://qualitysolutions.pk/ | Quality Solutions office: Office 803, Alpha Techno Square, NASTP, Old Airport, Rawalpindi. ZoomInfo lists Ejaz Siddiqui of Quality Solutions as 'based in Islamabad', so Islamabad is the alternative."
Entrepreneur - Founder,147,146,Dr. Muhammad Ejaz Siddiqui,City,,"Company office is NASTP Alpha, Rawalpindi but ZoomInfo places him in Islamabad - not filled",Rawalpindi or Islamabad,medium,https://qualitysolutions.pk/
Entrepreneur - Founder,150,149,Muhammad Irshad Kanwal,Email,startups@pasha.org.pk; delegations@pasha.org.pk,"Shared P@SHA mailbox and P@SHA office number - an organisation channel, not this person's own contact",,,
Entrepreneur - Founder,154,153,Dr. Muhammad Muqeet,Email,startups@paf-iast.edu.pk,Shared PAF-IAST Business Incubation Center mailbox - not this person's own contact,,,
Entrepreneur - Founder,156,155,Muhammad Omer Khan,Email,startups@pasha.org.pk; delegations@pasha.org.pk,"Shared P@SHA mailbox and P@SHA office number - an organisation channel, not this person's own contact",,,
Entrepreneur - Founder,159,158,Muhammad Saqib,City,,Possible value found but NOT added (weak/conflicting evidence),Rawalpindi,low,"https://ysenterprises.com/contact/ | YS Enterprises address: Office 104/105, NASTP Alpha Techno Square, Old Islamabad Airport (the site writes 'Islamabad'; NASTP Alpha is in Rawalpindi/Chaklala). The site lists Yaseen Sadiq as CEO, so Saqib's role is unverified."
Entrepreneur - Founder,159,158,Muhammad Saqib,Designation,CEO,ysenterprises.com lists Yaseen Sadiq as CEO - Saqib's CEO title unconfirmed,,low,https://ysenterprises.com/contact/
Entrepreneur - Founder,160,159,Muhammad Talha,Designation,Co-Founder,RocketReach/Datanyze list him as Founder & CEO of Deutics Global,Founder & CEO,low,https://www.datanyze.com/companies/deutics-global/542089157
Entrepreneur - Founder,161,160,Dr. Muhammad Usman,Designation,,TechQuest.AI's CEO appears to be Dr. Muhammad Uzair Khan; Dr. Muhammad Usman is listed as AI Consultant (filled),,medium,https://pk.linkedin.com/in/drusmanmuhammad
Entrepreneur - Founder,163,162,Muhammad Waqar,City,,Possible value found but NOT added (weak/conflicting evidence),Kohat,low,"https://www.behance.net/uzairtech | 'Uzair Tech - UI/UX Designer & Developer in Kohat, Pakistan'; uzrtech.com says the company is in KP. But uzrtech.com/about names Uzair Ahmed as Founder & CEO, so Waqar's role is unverified."
Entrepreneur - Founder,163,162,Muhammad Waqar,Designation,CEO,uzrtech.com names Uzair Ahmed as Founder & CEO of Uzair Technology - Waqar's CEO title unconfirmed,,low,https://www.behance.net/uzairtech
Entrepreneur - Founder,179,178,Nauman Abbasi,City,,Possible value found but NOT added (weak/conflicting evidence),Islamabad,low,"https://www.linkedin.com/in/naumanmdf/ | Profile: 'Nauman Abbasi - AdVentures', President of the Murree Development Forum. A related profile (Parvez Abbasi) places AdVentures Academy in Islamabad. 'Murree' is the plausible alternative."
Entrepreneur - Founder,200,199,Saad Ahmed Khan,Email,ceo@quantuni.net; sak.yzai@gmail.com,Department is Quality Solutions Tech but email is ceo@quantuni.net - confirm which organisation,,,
Entrepreneur - Founder,202,201,Saad Hassan,City,,Possible value found but NOT added (weak/conflicting evidence),"Helsinki, Finland",low,"https://icawtechnologies.com/teams/saad_hassan/ | The ICAW Technologies team page (the sheet's link) names Mr. Saad Hassan as CEO. A search summary said ICAW Technologies is 'based in Helsinki, Finland', but I could not confirm this and he has a +92 number. Verify before use."
Entrepreneur - Founder,213,212,Salman Anwar,Email,abid@nicat.pk,"This is NICAT Program Manager Abid Gul's email/phone (used as the contact channel for NICAT startups), not the founder's own",,,
Entrepreneur - Founder,233,232,Shaur ul Asar,Gender,,Possible value found but NOT added (weak/conflicting evidence),Male,low,"https://www.linkedin.com/in/shaur/ | Search snippets from his LinkedIn/profile text: 'recognized for his knowledge in digital marketing... his passion and instrumental role in structuring marketing departments'. The pronoun came through a search summary, not text I verified directly."
Entrepreneur - Founder,234,233,Shawana Iftikhar,Email,startups@pasha.org.pk; delegations@pasha.org.pk; consult@shawanaiftikhar.com,"Shared P@SHA mailbox and P@SHA office number - an organisation channel, not this person's own contact",,,
Entrepreneur - Founder,239,238,Sheikh Abdul Qadir,Designation,"CEO; Board Member, P@SHA",P@SHA sources describe him as MD of IDRAK AI and P@SHA CEC member 2024-26,"MD, IDRAK AI",low,
Entrepreneur - Founder,240,239,Shifa Anwer,Department,xis.ai,LinkedIn: at xis.ai Dec 2023 - Jun 2024; Marketing Manager at CyberGen since Aug 2024,"Marketing Manager, CyberGen",medium,https://www.linkedin.com/in/shifa-anwer/
Entrepreneur - Founder,246,245,Suleiman Khan,City,,Possible value found but NOT added (weak/conflicting evidence),Rawalpindi,low,"https://craft.co/waazeh | Waazeh (an ML studio, founded 2017) is 'headquartered in Rawalpindi, Pakistan'. No source tied Suleiman Khan to Waazeh, so the company match is assumed."
Entrepreneur - Founder,251,250,Syed Hasan Sajjad,City,,Possible value found but NOT added (weak/conflicting evidence),Islamabad,low,"http://www.tradelinkers.com.pk/ | TRADELINKERS Electronics & Machinery has offices in Islamabad (Office 404, E-11/2) and Karachi (Office 408, Mehboob Market, Saddar). A search summary said it is 'located in Islamabad'. With two offices, his own city is uncertain."
Entrepreneur - Founder,252,251,Syed Junaid Ahmad,City,,Possible value found but NOT added (weak/conflicting evidence),Rawalpindi,low,"https://www.mustakbil.com/companies/company/103522 | Softoo Private Limited's Pakistan office is listed in Rawalpindi; the parent Softoo is headquartered in Morden, UK (prospeo). His own city is not stated. Confirmed: CEO of Softoo, P@SHA CEC 2026-28 (techjuice.pk)."
Entrepreneur - Founder,253,252,Syed Muhammad Nasir Ud Din,City,,Possible value found but NOT added (weak/conflicting evidence),Islamabad,low,https://www.jobz.pk/laser-&-electro-optical-solutions-leos-vacancies/ | LEOS job listings are for Islamabad and Rawalpindi; LEOS has a partnership with CEME NUST (Rawalpindi). The leos.pk about page names Brig (R) Syed Muhammad Nasir Uddin as CEO. No office address found.
Entrepreneur - Founder,255,254,Syed Salman Tahir,City,,Possible value found but NOT added (weak/conflicting evidence),Karachi,low,https://pakistanfintechassociation.pk/members/ | ForeePay (Pvt) Ltd (Foree) is a Pakistan Fintech Association member based in Karachi. No source linked Syed Salman Tahir to Foreepay. This is the company's location only.
Entrepreneur - Founder,257,256,Talha Fakhar,City,,"City filled as Austin, TX from his own bio, but he has a +92 number - confirm",,medium,https://cohortmax.com/leaderships-and-ceo-insights/ceo-insights/building-bridges-between-coding-and-marketing-a-self-taught-journey-of-strategic-scaling/
Entrepreneur - Founder,258,257,Talha Khalid,Designation,CEO,LinkedIn headline now 'Power Planning and Monitoring Company (PPMC)'; CEO title at Spectrave unconfirmed,,low,https://www.linkedin.com/in/talha-khalid-0b066b32/
Entrepreneur - Founder,260,259,Tariq Atiullah,City,,Possible value found but NOT added (weak/conflicting evidence),"Dallas-Fort Worth, TX, United States",low,https://www.linkedin.com/in/tariq-atiullah-47bb9338/ | The LinkedIn profile (same URL as the sheet; headline 'Technical Project Manager / Networks...') says he is based in the Dallas-Fort Worth area. This conflicts with the sheet's +92 number and the Pakistan aerospace context. Verify.
Entrepreneur - Founder,265,264,Umer Usman,Designation,CEO,"ZoomInfo/TheOrg list him as Co-Founder & CTO of Devsiom, not CEO",Co-Founder & CTO,low,https://www.zoominfo.com/c/devsiom-technologies/564440304
Entrepreneur - Founder,267,266,Usman Akbar,Email,startups@pasha.org.pk; delegations@pasha.org.pk,"Shared P@SHA mailbox and P@SHA office number - an organisation channel, not this person's own contact",,,
Incubator - Accelerator,3,2,Aamna Khaqan,City,,Possible value found but NOT added (weak/conflicting evidence),Islamabad,low,https://climatebase.org/job/57518929/program-manager-pakistan | The New Energy Nexus Pakistan (CLIP) program role is located in Islamabad. Her personal location is not stated.
Incubator - Accelerator,9,8,Aksom Zaheer,Gender,,Possible value found but NOT added (weak/conflicting evidence),Male,low,"https://businesslaw.school/aksom-kamal-zaheer/ | The search summary of the bio: 'He is a partner at Kilam Law and MAR Law, specializing in startups and venture capital ... He is based in Dubai'. The verbatim pronoun is unverified."
Incubator - Accelerator,9,8,Aksom Zaheer,City,Lahore,LinkedIn headline 'MAR Law (UAE)' and a bio say he is based in Dubai; sheet says Lahore,"Dubai, United Arab Emirates",low,https://businesslaw.school/aksom-kamal-zaheer/
Incubator - Accelerator,10,9,Ali Hasnain Shah,City,,Possible value found but NOT added (weak/conflicting evidence),Lahore,low,"https://www.linkedin.com/company/takhleeq-business-incubator | Takhleeq is the University of Central Punjab's incubator in Lahore. His LinkedIn snippet shows a London location, so his personal base is uncertain."
Incubator - Accelerator,12,11,Ali Oosman,Designation,"SVP, Strategy, Partnerships & Investments",A 2025 interview describes him in Strategic Partnerships at Microsoft for Startups (Dubai); Disrupt.com role may be outdated,,low,https://eastwesthurricane.substack.com/p/my-interview-with-ali-samir-strategic
Incubator - Accelerator,26,25,Kamran Taufiq Khan,Email,Masud@changemechanics.pk,"Email and phone are identical to Sayyed Ahmad Masud's row (Masud@changemechanics.pk, +92 334 5137777) - they are Masud's details, not his own",,,
Incubator - Accelerator,38,37,Najam us Sahar Durrani,Designation,Program Manager,LinkedIn now shows 'Project Manager - Tekjee'; Tech Valley role may be outdated,"Project Manager, Tekjee",low,https://www.linkedin.com/in/najam-us-sahar/
Investor,20,19,Rafaeel Chaudhry,Department,,Possible value found but NOT added (weak/conflicting evidence),RBC (Royal Bank of Canada),low,"https://www.linkedin.com/in/rafaeel/ | LinkedIn (same URL) headline: 'Rafaeel Chaudhry - RBC'. Another listing says Senior Consultant at HSBC, and he advises nonprofits/SMEs. FAST-NU Alumni Canada (President) is an alternative."
Investor,24,23,Salaal Hasan,Designation,Investor,"Now Founder & CEO of Ahya (AI climate software); formerly ED Venture Capital, JS / Dubai International Capital. Department filled; Designation still just 'Investor'",Founder & CEO,high,https://aiforgood.itu.int/speaker/salaal-hasan/
Investor,25,24,Sayad Ghani,Designation,,Possible value found but NOT added (weak/conflicting evidence),Senior Investment Analyst,low,"https://rocketreach.co/sayad-ghani-email_734133446 | Listed as Senior Investment Analyst at Accelerate Prosperity (AKDN), 2021-2024. The tenure may have ended."
