Tab,Row (v10),Full Name,Result,Link added,Link type,Confidence,Unverified lead (NOT added - check manually),Evidence / reason,Queries tried,Possible row issue (not changed)
Entrepreneur - Founder,235,Shehroze Bhatti,Not found,,,,,"Searched, not found: results were only unrelated Bhatti pages (Wikipedia surname page, IMDb Sheraz Bhatti, cricket news); nothing on Aegasis Labs.","""Shehroze Bhatti"" Aegasis",
Entrepreneur - Founder,72,Fasih Sumar,Not found,,,,,"Searched, not found: results were ALAF for Education (UAE) news and Bank Alfalah pages; no page names Fasih Sumar.","""Fasih Sumar"" ALAF Digital",
Entrepreneur - Founder,273,Yasir Shamim,Not found,,,,,"Searched, not found: results were unrelated artists (Yasir Hameed, Andrew Dempster) and Asian Paints contractor listings; nothing ties Yasir Shamim to Andrew Paints.","""Yasir Shamim"" ""Andrew Paints""",
Entrepreneur - Founder,27,Amir Zahoor,Not found,,,,,"Searched, not found: results were only motorsport-track pages (Dubai Autodrome, Emirates Motorplex); no Amir Zahoor or Auto Track International page.","""Amir Zahoor"" ""Auto Track International""",
Entrepreneur - Founder,117,M. Hamid,Not found,,,,,"Searched, not found: results had a Backendz company listing (mustakbil.com) and a prospeo.io revenue page, plus unrelated Hamids (Aimsio, SkaleTek, LinkedIn de/am). No Hamid tied to Backendz.",Backendz software house CEO Hamid founder,"The search summary of Backendz listings (mustakbil.com/prospeo.io) names Hardy Chaudry as Founder & CEO of Backendz, not M. Hamid. Worth verifying the CEO name."
Entrepreneur - Founder,63,Engr. Shahab Hadi,Not found,,,,,"Searched, not found: results were other Shahabs (Shabibi, Kaviani, Anari); nothing on Shahab Hadi or BeOner.","""Shahab Hadi"" BeOner founder",
Entrepreneur - Founder,154,Muhammad Omer Khan,Not found,,,,,"Searched, not found: results were Wikipedia (Bilal Omer Khan), Jang/Tribune news and an ICE advisory-board page; nothing mentions Bits Collision.","""Bits Collision"" Islamabad CEO Omer Khan",
Entrepreneur - Founder,86,Huma Khan,Not found,,,,,"Searched, not found: results were BookMyShow (Ashish Hemrajani) and unrelated Huma Khans (model, influencer); nothing on BookMySpot.","BookMySpot founder ""Huma Khan""",
Entrepreneur - Founder,90,Ijaz Ahmed,Not found,,,,,"Searched, not found: results were MarketScreener/Zonebourse insider pages for other Ijaz/Ejaz names and unrelated news; nothing mentions Camber Technologies.","""Camber Technologies"" Pakistan Ijaz Ahmed CEO",
Entrepreneur - Founder,261,Umair Munir,Not found,,,,,"Searched, not found: results were a Toptal developer resume (Umair Munir, Islamabad), Cityscape Digital (UK) and other Umairs. The summary mentions an Umair Munir at EEN Group/mindrush.ai, but nothing ties any of them to Cityscape Technologies.","""Cityscape Technologies"" ""Umair Munir""",
Entrepreneur - Founder,122,M. Talal Ejaz,Not found,,,,,"Searched, not found: the summary ties Muhammad Talal Ejaz only to Sabzland (NICF startup, Social Entrepreneur of the Year 2023); NICAT pages came back, but nothing links him to Croncore or NICAT. The prior lead /in/muhammad-talal-ejaz/ is still unconfirmed.",Croncore NICAT Talal Ejaz founder,
Entrepreneur - Founder,59,Cherry Dai,Not found,,,,,"Searched, not found: results were Cherry Cai (Zonebourse), Dadi International Group (HKEX) and data-broker pages; nothing on Dalien International or hkdali.",Dalien International hkdali Cherry Dai CEO,
Entrepreneur - Founder,71,Farooq,Not found,,,,,"Searched, not found: results were UK Companies House listings, Qorpiq and other Farooqs (Kathwari, Imran Farooq, Ghulam Farooq); nothing mentions Datels International.","""Datels International"" Farooq CEO",
Entrepreneur - Founder,263,Umer Usman,Not found,,,,,"Searched, not found: results were other Umer/Usman LinkedIn profiles (umerm6, umerashfaq, umercse, etc.) and Devsinc; nothing ties an Umer Usman to Devsiom. The prior lead /in/umer-usman-b40990127/ did not reappear and is still unconfirmed.","""Umer Usman"" Devsiom Technologies",
Entrepreneur - Founder,134,Minhal Arif,Not found,,,,,"Searched, not found: results were unrelated LinkedIn profiles (Bangladesh, Pakistan) and Qorpiq director pages; nothing on Digi Graham Integrators or Minhal Arif.","""Digi Graham"" Integrators Minhal Arif",
Entrepreneur - Founder,18,Ali Akhtar,Not found,,,,,"Searched, not found: a ProPakistani news article (DynaSys-NUST IoT partnership, Aug 2026) confirms Ali Akhtar as CEO of DynaSys Networks, but no LinkedIn or official bio URL came back. Only an aggregator (startupintros.com) and an unrelated Ali Akhtar (Letter AI) appeared.",DynaSys Networks Islamabad Ali Akhtar founder CEO | dynasysnetworks.com leadership team Ali Akhtar,
Entrepreneur - Founder,118,M. Humza Javed,Not added - candidate failed verification,,,,https://www.collective.work/profile/engineer-humza-javed,"Rejected: page not tied to the row (summary describes a Senior PCB Designer at EDAdesigners, not this CEO). The top result 'ENGINEER HUMZA JAVED' (collective.work freelance profile) fits the search summary, which describes Humza Javed as a Senior PCB Designer at EDAdesigners (pvt) limited, Rawalpindi, since Jan 2018, with 11+ years in PCB/IoT design. The summary does not say which URL that text came from (Fiverr 'humza_jav' also appeared), so confidence is medium.","""EDA Designers"" Humza Javed","Results describe him as Senior PCB Designer (not CEO) at EDAdesigners (pvt) limited, a PCB design company, not software development. Worth verifying title and org description."
Entrepreneur - Founder,23,Amber Zaheer,Not found,,,,,"Searched, not found: results were only about the 'Elevate - Brain Training Games' app (APKMirror etc.); nothing names Amber Zaheer.","""Amber Zaheer"" ""Elevate Brains""",
Entrepreneur - Founder,272,Yashfa Zaman,Not found,,,,,"Searched, not found: results were about Kreyol Essence (Yve-Car Momperousse); nothing on Eleve Essence or Yashfa Zaman/Yousafzai.","""Eleve Essence"" founder Yashfa",
Entrepreneur - Founder,171,Naeem Naz,Not found,,,,,"Searched, not found: results were NASTP/Pakistan Aerospace Council pages, Shujaat Azeem and Gp Capt Naeem Khaliq; nothing mentions Elevon Technologies or Naeem Naz.","""Elevon Technologies"" aerospace Pakistan CEO Naeem",
Entrepreneur - Founder,12,Ahmed Umar,Not found,,,,,"Searched, not found: results were MarketScreener insider pages (Sohaib Umar), an Umar Ahmed Coindesk speaker page and other Umars; nothing mentions Ensid.io.",Ensid.io founder CEO Ahmed Umar,
Entrepreneur - Founder,99,Jalil ur Rahman,Not found,,,,,"Searched, not found: results were all about Monis Rahman (Rozee.pk); nothing on EurekaNet or Jalil ur Rahman.",EurekaNet Pakistan startup co-founder Jalil ur Rahman,
Entrepreneur - Founder,93,Imran Basit,Not found,,,,,"Searched, not found: results were Islamic studies journal articles (M. Basiuni Imran) and Urdu poetry pages; nothing on Faylasufics.",Faylasufics Imran Basit,
Entrepreneur - Founder,28,Ammar Ghory,Not found,,,,,"Searched, not found: results were Ammar Abdulghaffar (Fennec, Saudi Arabia), FENIX (Jaideep Dhanoa) and Fenix product pages; no Ammar Ghory.","""Ammar Ghory"" Fennix",
Entrepreneur - Founder,253,Syed Salman Tahir,Not found,,,,,"Searched, not found: results were other Syeds (Abdul Muqeet, Salman Rashid, Majid Ali) and a Crunchbase page; nothing mentions Foreepay or NEXTTECH Hospitality.",Foreepay CFO Syed Salman Tahir,
Entrepreneur - Founder,120,M. Saad Soban,Not found,,,,,"Searched, not found: results were unrelated LinkedIn profiles (saadprojects, sobanakram), Riipen feedback pages and CB Insights; nothing ties Saad Soban to Futurecue.",future-cue.com team Saad Soban,"Not re-verified this round. The prior pass (ZoomInfo-based summary) listed Saad Soban as Co-Founder/COO at FutureCue, with Soban Nazir Syed as President & CEO, so the CEO designation may be wrong."
Entrepreneur - Founder,169,Nadia Ikram,Not found,,,,,"Searched, not found: results were other Nadias/Ikrams on LinkedIn (fi, bd, za, ma) and unrelated Arabic/NGO pages; nothing mentions Gelecek.",Gelecek Solutions geleceksoln Nadia Ikram,
Entrepreneur - Founder,142,Muhammad Azam,Not found,,,,,"Not found. Results were an ECO PDF, Survey of Pakistan (Dr Asmat Ali), RTI.gov.pk (Muhammad Azam, Chief Information Commissioner, a different person) and MarketScreener insider pages; nothing names a CEO of Geomatic Technologies.","""Geomatic Technologies"" Pakistan CEO Azam",
Entrepreneur - Founder,110,Komail Naqvi,Not found,,,,,"Not found. Only unrelated Naqvi Wikipedia pages, Jang news, Rekhta and podcast pages came back; nothing ties a Komail Naqvi to GoZayaan.","""Komail Naqvi"" GoZayaan",
Entrepreneur - Founder,57,Ch. Asad Ullah Khan,Not found,,,,,"Not found. Results included an 'Asad Ullah Khan' LinkedIn (sa.linkedin.com/in/asadukhan, Saudi subdomain) and other Asad Ullah profiles, plus qorpiq/MarketScreener pages; none mention iLink Systems & Solutions, so the common-name hits were rejected.","""iLink Systems"" Islamabad CEO ""Asad Ullah""",
Entrepreneur - Founder,181,Neelma Islam,Not found,,,,,"Not found. Results were IndUS Aviation (Texas, Wikipedia), Indus disambiguation and unrelated aerospace press releases; no mention of Neelma Islam or Indus Aero Electrics.","""Neelma Islam"" Indus Aero",
Entrepreneur - Founder,114,M. Ali Malik,Not found,,,,,"Not found. Results were IBA iCLab, cricket news about Malik, qorpiq director pages and a FOTCO board page; nothing mentions Inovine or an Ali Malik there.","""Inovine"" Pakistan team ""Ali Malik"" director operations",
Entrepreneur - Founder,245,Syed Ali Hasnain,Not found,,,,,"Not found. Results were an NBAA 40-under-40 page for a different Syed Ali (Jet Aviation), ICAO participant lists and a Proavos Aviation speaker page; nothing ties Syed Ali Hasnain to IP Centric.","""IP Centric"" ""Syed Ali Hasnain"" aviation",
Entrepreneur - Founder,58,Ch. Muhammad Farooq,Not found,,,,,"Not found. Results were other Farooqs (Hamid Farooq of Warid/PTCL, Farooq Anees, Naumaan Farooq Hassan, Farooq Shaikh LinkedIn profiles, an Ignite board page); none tied to ITC Communications / pakitc.com.","pakitc ""ITC Communications"" Pakistan CEO Farooq",
Entrepreneur - Founder,170,Nadir Mobeen Afridi,Not found,,,,,"Not found. Results were Mobeen Wikipedia/IMDb pages, a Taliban tracker entry and Jang news; nothing for Nadir Mobeen Afridi or Kail.","""Nadir Mobeen"" Kail",
Entrepreneur - Founder,144,Muhammad Baseer,Not found,,,,,"Not found. Results were M3 Technology (US, Wikipedia), PAF base lists, PAC Mushshak articles and panjiva pages for '3 M Traders' Karachi; nothing names a Baseer or ties to M3 Traders aerospace.","""M3 Traders"" aerospace Pakistan Baseer",
Entrepreneur - Founder,227,Shahzad Umer,Added,https://www.linkedin.com/in/shahzadumer/,LinkedIn,high,,"Result 'Shahzad Umer' at pk.linkedin.com/in/shahzadumer (exact name); it was the only result that could source the summary, which says Shahzad Umer is associated with MARS Pakistan (marspakistan.com) and has shared its modular construction projects.","""MARS Pakistan"" Rawalpindi ""Shahzad Umer""",Search summary describes MARS Pakistan as a modular light-gauge-steel (LGS) construction company rather than engineering consultancy & training; worth checking.
Entrepreneur - Founder,95,Iqtidar Haider,Not found,,,,,Not found. Results were all Ford Mustang car pages and a US Army article; nothing for Iqtidar Haider or Mustang Communication.,"""Iqtidar Haider"" Mustang Communication",
Entrepreneur - Founder,168,Nadeem Shaikh,Added,https://www.linkedin.com/in/nrshaikh/,LinkedIn,medium,,"Confirming check of the prior lead: a query for Nadeem Shaikh with Neem and Paymenow returned 'Nadeem Shaikh' at pk.linkedin.com/in/nrshaikh as the top hit. Alongside it were Neem news (IBS Intelligence, ProPakistani, Profit) and a summary calling him a co-founder of Neem (2019), ex-Head of Global Financial Services at Veon/Jazz and co-founder of Anthemis. The tie comes from the summary, not the profile page itself.","""Nadeem Shaikh"" Neem co-founder Paymenow",
Entrepreneur - Founder,141,Muhammad Ali Zaidi,Not found,,,,,Not found. Results were only Zaidi-surname Wikipedia pages and a Substack post; nothing mentions NuraLuminance.,NuraLuminance founder Zaidi,
Entrepreneur - Founder,13,Ahsan Iftikhar,Not found,,,,,"Not found. Results were unrelated Iftikhar pages (Wikipedia, PAP member profile, PU student page, Pluto Books); the summary mentions only NICAT's Cohort 6 call, with no Ahsan Iftikhar or Pluto tie.","""Ahsan Iftikhar"" Pluto NICAT Rawalpindi",
Entrepreneur - Founder,16,Air Cdre (R) Asim Anwer,Not found,,,,,"Not found. Results were about other officers (Asim Munir, Air Marshal Asim Zaheer, PAF promotions news); nothing mentions Priority Flight Support or Asim Anwer.","""Priority Flight Support"" Pakistan Air Commodore Asim",
Entrepreneur - Founder,167,Dr. Nadeem,Not found,,,,,"Not found. Results were other Dr. Nadeems (Nadeem Javaid at PIDE, Nadeem Inayat at FFC) and Pakistan Aerospace Council pages; nothing ties anyone to RIMS / rimsedu.com. The row has only a first name.","rimsedu RIMS aerospace Pakistan CEO ""Dr. Nadeem""",
Entrepreneur - Founder,262,Umar Dilawar,Not found,,,,,Not found. Results were all about Ripple/XRP crypto news; nothing for Umar Dilawar or Ripple Smart LLP.,"""Umar Dilawar"" Ripple Smart",
Entrepreneur - Founder,230,Shariq Thanvi,Not found,,,,,"Not found. Results were Thanvi/Saifia Islamic-scholar Wikipedia pages, Jang news and MarketScreener pages for Sharif Al Saify; nothing ties Shariq Thanvi to Saifst corp. The prior /in/sthanvi lead (Visionet) was not confirmed.","""Shariq Thanvi"" Saifst president",
Entrepreneur - Founder,84,Hassaan Ul Haq,Not found,,,,,"Not found. Results were MarketScreener pages for other Ul Haqs, an IsDB team page, a Crunchbase entry for Hassan Ikram and sdc.com.jo (a Jordanian SDC with a different CEO); nothing ties Hassaan Ul Haq to SDC.","""Hassaan Ul Haq"" SDC co-founder COO",
Entrepreneur - Founder,26,Amina,Not found,,,,,"Not found. Results were unrelated Aminas (Egyptian gymnast, Kazakh chess player, Zanzibari singer); 'Siber Koza' did not appear in any result. The row has only a first name.","""Siber Koza"" Amina",
Entrepreneur - Founder,4,Adeel Rasheed,Not found,,,,,"Not found. Both queries returned only news (TechCrunch, Profit, TechJuice, Cairoscene, Dealroom) confirming that Adeel Rasheed is the CEO and a co-founder of SnappRetail (Karachi, 2021, ex-Unilever/L'Oreal); no LinkedIn or official bio URL came back, so the prior /in/adeel-rasheed-4bb48139/ candidate stays unconfirmed.","""Adeel Rasheed"" SnappRetail | ""Adeel Rasheed"" CEO ""Snapp Retail"" Karachi",TechCrunch and Profit name him CEO of SnappRetail (as well as co-founder); the sheet lists only Co-Founder.
Entrepreneur - Founder,224,Shabbir Hussain,Not found,,,,,"Not found. A 'Shabbir Hussain' LinkedIn (pk.linkedin.com/in/shabbir933) came back, but the summary describes an Islamabad UI/UX/digital professional with no tie to Soft Communications; the other results were the PTA licensee lists and SOFTLinks job pages. Rejected.","""Soft Communications"" softcom.com.pk Islamabad ""Shabbir Hussain""",
Entrepreneur - Founder,112,M. Abu Bakar bin Muzaffar,Not found,,,,,"Not found. Results were Urdu research articles, a Fiverr page, sa.linkedin.com/in/abubakar180 (Muhammad Abu Bakar, no Star Com tie) and a qorpiq director page; nothing for Star Com Services / starcom.net.pk.","""Star Com Services"" starcom.net.pk ""Abu Bakar""",
Entrepreneur - Founder,282,Zeeshan Hussain,Not found,,,,,"Not found. Results were Times of Islamabad articles about Stingray Technologies' indigenous USV (PIMEC 2025, NESCOM links) and stingray-fishing news; none names Zeeshan Hussain.","""Stingray Technologies"" Pakistan marine ""Zeeshan Hussain""",
Entrepreneur - Founder,77,Haider,Not found,,,,,"Not found. Results were other Haiders (Tauseeq Haider, Shuja Haider, Fawad Haider at Engro, Syed Aftab Haider at SDPI); nothing mentions Sufi Sons. The row has only a first name.","""Sufi Sons"" networks communication Pakistan CEO Haider",
Entrepreneur - Founder,56,Ch. Amanullah Khurshid,Not found,,,,,"Not found. Results were news about Nortec's EASA-standard MRO at Islamabad airport (ProPakistani, TechJuice) and Quwa PAC news; no Amanullah Khurshid and no Task MRO entity.","""Task MRO"" Pakistan aerospace ""Amanullah""",
Entrepreneur - Founder,184,Noman Tabani,Not found,,,,,"Not found. Results were Noman Group (Bangladeshi textiles), Revelio Labs, Tabby funding news and a Crunchbase page for Tabania; nothing ties Noman Tabani to TE Group.","""Noman Tabani"" TE Group",
Entrepreneur - Founder,75,Grp Capt (R) Dr. Raja Ishtiaq Ahmad,Not found,,,,,"Not found. Results were only pages for other Ishtiaq Ahmads (Wikipedia: the fiction writer and the political scientist, mei.edu, arabnews.jp, manuu.edu.in). None mentions Technospot, PAF or a Group Captain.","""Raja Ishtiaq Ahmad"" Technospot Group Captain",
Entrepreneur - Founder,248,Syed Ghazanfar Sajjad,Not found,,,,,"Not found. Results were a Fiverr PCB gig, a MarketScreener 'Asif Sajjad' page, LinkedIn profiles of unrelated people (Taha Imran, Kunza Sajjad Butt), an ITU faculty page and Transsion Tecno pages. No Ghazanfar Sajjad and no Telec.","""Ghazanfar Sajjad"" Telec Electronics",
Entrepreneur - Founder,121,M. Taimur Ali,Not found,,,,,"Not found. Only Wikipedia pages came back (Rawalpindi District, District Jail Rawalpindi, the politician Taimur Ali Khan, a cricketer Taimur Ali). Nothing about The District or NICAT.","""Taimur Ali"" ""The District"" Rawalpindi founder",
Entrepreneur - Founder,132,Mehr Bedaar,Not found,,,,,"Not found. Results were only name-meaning pages (Wikipedia 'Mehr', Wiktionary) and Urdu poetry pages (rekhta.org, sufinama.org) for poets who used the pen name Bedar. Nothing about The Online Bookshop.","""Mehr Bedaar""",
Entrepreneur - Founder,70,Farhan Younas,Not found,,,,,"Not found. Results were only academic papers on Pakistan's trade dynamics (RePEc, World Bank) and a Panjiva record for 'Younas Trading'. No page for the person.","""Farhan Younas"" ""Trade Dynamics"" co-founder Pakistan",
Entrepreneur - Founder,249,Syed Hasan Sajjad,Not found,,,,,"Not found. The only profile was bd.linkedin.com/in/hasansajjadux, a Bangladesh UX designer with no Trade Linkers tie. Otherwise there were Panjiva trade records and a macpanel.com partner page that mentions TRADELINKERS Electronics & Machinery (Pvt) Ltd but does not name its CEO.","""Hasan Sajjad"" ""Trade Linkers"" OR tradelinker.com.pk CEO",
Entrepreneur - Founder,111,M. Abdullah Afzal,Not found,,,,,Not found. Results were the Wikipedia page of a British actor named Abdullah Afzal and pages about the Truecaller founders. Nothing about TrueEmailer or NICAT.,"TrueEmailer founder ""Abdullah Afzal""",
Entrepreneur - Founder,102,Junaid Khan,Not found,,,,,"The prior lead /in/junaid-khan-0b14895/ was not confirmed. Results (the Transworld Associates Wikipedia page and a MarketScreener 'Kamran Malik' page) name other people as TWA's top executive, and the only Junaid Khan hits were Indian company-director records (tofler.in, qorpiq.com).","""Junaid Khan"" CEO ""Transworld Associates""","The organisation 'TWA' is ambiguous. If it means Transworld Associates, results name Kamran Malik as its President (Saad Muzaffar Waraich is also cited as President), and no Junaid Khan as CEO."
Entrepreneur - Founder,244,Suleiman Khan,Not found,,,,,"Not found. Results were only MarketScreener insider pages (Wahid Suleiman Hamid, Khalid Suleimani) and qorpiq.com director records for other Khans. No Waazeh Tech page.","""Waazeh"" Suleiman Khan CEO",
Entrepreneur - Founder,22,Altaf Qureshi,Not found,,,,,"Not found. A CIArb event page (ciarb.org) has a speaker bio for barrister Altaf Qureshi (pupillage at Hardwicke Chambers, now a partner at Ijaz Ahmed & Associates, Karachi). It does not mention Wukla or Paksign and is an event page, not a profile. No LinkedIn /in/ URL or Wukla team page appeared.","""Altaf Qureshi"" barrister Wukla founder team",
Entrepreneur - Founder,76,Hafiz Yunus,Not found,,,,,"Not found. The search mixed in the US ad-tech firm xAD Inc. (founder Dipanshu Sharma) and unrelated Hafiz pages (MarketScreener, Crunchbase). No Hafiz Yunus and no xadtech.com leadership page.","XAD Technologies CEO ""Hafiz"" Yunus OR Younas OR Younus xadtech",
Entrepreneur - Founder,157,Muhammad Saqib,Not found,,,,,"Not found. Results were only general pages on Pakistan's defence industry (Wikipedia, quwa.org, GIDS) and a PakAero 'High Tech Business Directory' PDF. No YS Enterprises leadership page or Saqib profile.","""YS Enterprises"" Pakistan defence aerospace ""Saqib""",
Incubator - Accelerator,29,Mahnoor Sohail,Not found,,,,,"Not accepted. There is a possible lead at pk.linkedin.com/in/mahnoor-suhail ('Mahnoor Suhail', Islamabad; the summary mentions STEM School and ecosystem work with women founders). But no result names InnoVentures Global or STEMx and the spelling differs, so it is not proven for a common name.","""Mahnoor Sohail"" InnoVentures Global OR STEMx community manager | ""Mahnoor Suhail"" STEMx OR InnoVentures Islamabad",
Incubator - Accelerator,6,Ahmer Rafi,Not found,,,,,"Not found. Results were only HEC ORIC lists and other universities' ORIC pages (IIU, Iqra, RMUR). No IST page or profile names Ahmer Rafi.","""Ahmer Rafi"" ist.edu.pk ORIC",
Incubator - Accelerator,24,Kamran Taufiq Khan,Not found,,,,,"No profile page found. The summary, drawn from docs.edtechhub.org items, confirms Kamran Taufiq Khan is Programme Manager at NIC Islamabad. The other results were only Wikipedia, ProPakistani and Pak Observer news, and startupblink.","""Kamran Taufiq"" ""National Incubation Center"" OR NIC Islamabad program manager",
Incubator - Accelerator,19,Emmad Ahsan,Not found,,,,,"Not found. This search was shared with row 61. Results were a PCB press release (about Emmad Ahmed Hameed, a different person) and Jang news pages. No NSTP team page or profile for Emmad Ahsan.","nstp.pk team leadership ""Emmad Ahsan"" OR ""Zain Najeeb""",
Incubator - Accelerator,61,Zain Najeeb,Not found,,,,,Not found. This search was shared with row 19. Results were only a PCB press release and Jang news pages. No NSTP or TechOne team page or profile for Zain Najeeb.,"nstp.pk team leadership ""Emmad Ahsan"" OR ""Zain Najeeb""",
Incubator - Accelerator,35,Muhammad Ishaq,Not found,,,,,"Not found. Results were only other universities' ORIC team pages (GCWUS, AUP, IIU, IUB, UAF) and the PASTIC ORIC database. No UAAR page or profile for Muhammad Ishaq.","""Muhammad Ishaq"" uaar.edu.pk ORIC Additional Director",
Industrialist - Government,104,Saad Latif,Not found,,,,,"Not found. The only profile was ke.linkedin.com/in/saadhlatif, which shows no 10Agrow tie. The rest were unrelated Latif pages (FAO, PPSC, Bangladeshi university bios). Nothing about 10Agrow.","""10Agrow"" ""Saad Latif""",
Industrialist - Government,58,Iskander Khwaja,Not found,,,,,"Not found. Results were Al Borj Machinery directory listings (automa.net/company/al-borj, Yellow Pages UAE, D&B) that describe the company. None names Iskander Khwaja.","""Iskander Khwaja"" ""Al Borj"" Machinery Sharjah",
Industrialist - Government,133,Vaseem Anvar,Not found,,,,,"Not found. The only matching page was MarketScreener 'VASEEM ANWAR' (an aggregator, rejected), which describes him as NetSol Technologies independent director and an American Business Forum member. No LinkedIn or official ABF/NetSol profile appeared.","""Vaseem Anvar"" ""American Business Forum"" president | ""Vaseem Anwar"" American Business Forum Lahore",Results spell the name 'Vaseem Anwar' and list him only as an American Business Forum member (and NetSol independent director). The President title is not confirmed.
Industrialist - Government,99,Rashid Mehmood,Not found,,,,,Not found. Results were a ProPakistani story (Oct 2024: App In Snap appoints Asher Yaqub Khan as new CEO) and Snap Inc. chief-business-officer articles. Nothing ties Rashid Mehmood to App In Snap.,"""Rashid Mehmood"" AppInSnap OR ""App In Snap"" chief business officer",
Industrialist - Government,60,Javeria Shafaq,Not found,,,,,"Not found. The only exact-name hit was a Goodreads user page 'javeria shafaq' with no tie to Astrik. The rest were pages on other Javerias (Zafar, Saud).","""Javeria Shafaq""",
Industrialist - Government,80,Mohammad Wasim Khokhar,Not found,,,,,"No profile page found. A GBC news item (admin.gbc.org.pk, 'GBC signs MoU with Czech-Pak Chamber of Commerce') names Wasim Khokhar as President of the Czech-Pak Chamber, but it is news, and no LinkedIn or chamber profile page appeared.","""Wasim Khokhar"" Czech Pakistan chamber of commerce",The designation is blank. A GBC news item names him President of the Czech-Pak Chamber of Commerce.
Industrialist - Government,134,Waleed Bin Haroon,Not found,,,,,"Not found. Results were unrelated LinkedIn profiles (Waleed Umar, Haroon Munir), a Crunchbase page and news articles. Nothing about DigUp AI.","""DigUp AI"" OR ""DigUpAI"" Waleed Haroon chief business officer",
Industrialist - Government,110,Salman Farooqi,Not found,,,,,"Not found. Results were unrelated Farooq profiles (Farooq Ayubi, Farooq Shaikh, Muhammad Farooq, Imran Farooq) and Aurora/Jang pages. Nothing about Dimentric Tech Solutions.","""Dimentric"" ""Salman Farooqi"" OR ""Salman Farooqui"" marketing",
Industrialist - Government,108,Salman Ahmed,Added,https://www.linkedin.com/in/salman-ahmed-796b442/,LinkedIn,medium,,"This is the prior lead, whose earlier search summary tied it to Fidelity International. This check (embarkgroup.co.uk/author/salmanahmed; financialinvestigator.nl appointment news) confirms Fidelity International's Salman Ahmed is its London-based Global Head of Macro & Strategic Asset Allocation and a LUMS alumnus, which matches the lead's description.","""Salman Ahmed"" Fidelity International Global Head of Macro profile","Results show that Fidelity International's Salman Ahmed is Global Head of Macro and Strategic Asset Allocation (joined August 2020, London), not CEO & Cofounder."
Industrialist - Government,113,Saquib Malik,Not found,,,,,"Not found. Results were about Saqib Malik the filmmaker (Baaji, Page 33 Films), a UK entrepreneur and Shoaib Malik; the only Geo item was about a different person (Amjad Aziz Malik) leaving Geo TV. Nothing tied a Saquib Malik to Geo News.","""Saquib Malik"" Geo News",
Industrialist - Government,85,Muhammad Kashif Saleem,Not found,,,,,"Not found. Results were an Australian Kashif Saleem (founder of SALEEM Technologies/Track'em, businessnews.com.au), Latka/marketscreener aggregator pages and unrelated Kashif LinkedIn profiles (Kashif Mughal, Muhammad Kashif). None mentions Mumtaz Technologies or Rawalpindi.","""Kashif Saleem"" ""Mumtaz Technologies""",
Industrialist - Government,14,Air Cdre Ali Atta,Not found,,,,,"Not found. Results were Wikipedia pages on other PAF officers, CASS bios for other Air Commodores (Zulfiqar Ali, Liaquat Ullah Iqbal) and NASTP news; no page names an Air Cdre Ali Atta.","""Ali Atta"" ""Amir Azeem"" NASTP Air Commodore | ""Air Commodore Ali Atta"" OR ""Air Cdre Ali Atta""",
Industrialist - Government,15,Air Cdre Amir Azeem,Not found,,,,,"Not found. Results were Wikipedia pages on other PAF officers, AVM promotion news and CASS bios for other Air Commodores (Abdul Samad, Zulfiqar Ali); no page names an Amir Azeem.","""Ali Atta"" ""Amir Azeem"" NASTP Air Commodore | ""Air Commodore Amir Azeem"" OR ""Air Cdre Amir Azeem"" OR ""Group Captain Amir Azeem""",
Industrialist - Government,16,Air Cdre Irteza,Not found,,,,,"Not found. The NASTP leadership searches returned only the NASTP Wikipedia page, nastp.gov.pk/about/air-chief-staff and news naming senior leaders (Air Marshal Kashif Qamar, AVM Liaquat Ullah Iqbal, Air Marshal Mohsin Mahmood, Air Marshal Zaffar Aslam). No Irteza appeared, and only a first name is known.","NASTP leadership team Air Cdre Irteza Salman Aslam Tauseef | site:nastp.gov.pk management ""Air Commodore"" OR ""Group Captain"" director",
Industrialist - Government,17,Air Cdre Salman Aslam,Not found,,,,,"Not found. The NASTP leadership searches named only senior leaders (Kashif Qamar, Liaquat Ullah Iqbal, Mohsin Mahmood, Zaffar Aslam). The exact-rank query returned only pages about Air Cdre M.M. Alam; no Salman Aslam.","NASTP leadership team Air Cdre Irteza Salman Aslam Tauseef | site:nastp.gov.pk management ""Air Commodore"" OR ""Group Captain"" director | ""Air Commodore Salman Aslam"" OR ""Air Cdre Salman Aslam""",
Industrialist - Government,19,Air Cdre Tauseef,Not found,,,,,"Not found. The NASTP leadership searches named only senior leaders (Kashif Qamar, Liaquat Ullah Iqbal, Mohsin Mahmood, Zaffar Aslam); no Tauseef. Only a first name is known.","NASTP leadership team Air Cdre Irteza Salman Aslam Tauseef | site:nastp.gov.pk management ""Air Commodore"" OR ""Group Captain"" director",
Industrialist - Government,47,Gp Capt Qasim,Not found,,,,,"Not found. The NASTP management search returned Wikipedia pages on PAF officers, nastp.gov.pk/about/air-chief-staff (awards and contact info only) and unrelated retired Air Commodore bios; no Group Captain Qasim. Only a first name is known.","site:nastp.gov.pk management ""Air Commodore"" OR ""Group Captain"" director",
Industrialist - Government,48,Group Captain Amir,Not found,,,,,"Not found. The NASTP management search returned no NASTP staff or CIO page, only nastp.gov.pk/about/air-chief-staff (awards and contact info) and unrelated PAF pages. Only a first name is known.","site:nastp.gov.pk management ""Air Commodore"" OR ""Group Captain"" director",
Industrialist - Government,49,Group Captain Babar,Not found,,,,,"Not found. The NASTP management search returned no Director ATS or Group Captain Babar, only nastp.gov.pk/about/air-chief-staff and unrelated PAF pages. Only a first name is known.","site:nastp.gov.pk management ""Air Commodore"" OR ""Group Captain"" director",
Industrialist - Government,77,Mansoor,Not found,,,,,"Not found. Covered only by the general NASTP leadership/management searches, which named no CMO and no Mansoor. Only a first name is known, so no dedicated query was spent.","NASTP leadership team Air Cdre Irteza Salman Aslam Tauseef | site:nastp.gov.pk management ""Air Commodore"" OR ""Group Captain"" director",
Industrialist - Government,135,Wg Cdr Mehmood,Not found,,,,,"Not found. The NASTP searches named Air Marshal Mohsin Mahmood (DG Development NASTP), but he holds a different rank, so this is not a match; no Wing Commander Mehmood appeared. Only one name is known.","NASTP leadership team Air Cdre Irteza Salman Aslam Tauseef | site:nastp.gov.pk management ""Air Commodore"" OR ""Group Captain"" director",
Industrialist - Government,34,Col (R) M. Ayub,Not found,,,,,"Not found. Results were for other organisations that share the NETC acronym (North East Transmission Company India, a US transit firm, National Energy & Trade Holding) and an Omar Ayub Khan PDF; nothing on a Pakistani National Energy & Transport Corporation or Col (R) Ayub.","NETC ""National Energy & Transport Corporation"" Col Ayub",
Industrialist - Government,74,M. Sohail Anjum,Not found,,,,,"Not found. Results were marketscreener aggregator pages (Saif Anjum), mustakbil job listings and unrelated Sohail profiles (Sohail Majid, Sohail Khan); nothing tied Sohail Anjum to NRTC Haripur.","""Sohail Anjum"" NRTC Haripur marketing",
Industrialist - Government,71,M. Hammad Bashir,Not found,,,,,"Not found. Results were about Energy Management Services (EMS) in Jordan and the Middle East (UNESCWA, GulfTalent, worldgbc); neither Hammad Bashir nor Nouveau Energy Management Services appeared.","""Hammad Bashir"" ""Nouveau Energy Management Services""",
Industrialist - Government,10,Afsheen Iftikhar,Not found,,,,,"Not found. Results were P@SHA pages and news about its leadership (Jehan Ara, Hira Zainab, Zohaib Khan, Shehryar Hydri); no page names Afsheen Iftikhar.","""Afsheen Iftikhar"" P@SHA",
Industrialist - Government,75,Mahnoor Suhail,Not found,,,,,"Not found. Results were the P@SHA Annual Report 2022 PDF, a P@SHA 'Industry Engagement Lead' post (pasha.org.pk/?p=29321) and P@SHA wiki/news pages, but the summary says none names Mahnoor Suhail. A Mahnoor Atif LinkedIn profile is a different person.","P@SHA team ""Mahnoor Suhail"" OR ""Sana Hussain"" pasha.org.pk | ""Mahnoor Suhail"" Pakistan Software Houses Association",
Industrialist - Government,112,Sana Hussain,Not found,,,,,"Not found. The confirming check on the prior lead (linkedin.com/in/syeda-sana-hussain-87ab6511) returned only pages about Syeda Abida Hussain and general P@SHA pages, with nothing tying a Syeda Sana Hussain to P@SHA, so the lead stays unverified. The P@SHA team search did not name her either.","P@SHA team ""Mahnoor Suhail"" OR ""Sana Hussain"" pasha.org.pk | ""Syeda Sana Hussain"" P@SHA",
Industrialist - Government,26,AVM Amir Hayat,Not found,,,,,"Not found. Only news articles came back (Profit/Pakistan Today, ARY, Aviation Pros, Daily Pakistan) about AVM Muhammad Amir Hayat as PIA CEO, with no profile or bio page.","""Amir Hayat"" Air Vice Marshal PIA","The news says he was PIA CEO on deputation from the PAF (acting from April 2022, CEO from Aug 2023), his tenure ended on 9 Dec 2024 when the deputation expired, and he was then reappointed acting CEO of PIACL. One Profit item says he ceased to serve as CEO after his deputation tenure, so his current PIA role should be checked."
Industrialist - Government,64,Khurram Mushtaq,Not found,,,,,"Not found. Only news articles came back (Profit, Brandsynario, Pakistan Observer, Daily Pakistan). They say he is a senior PIA executive who headed Commercial, Airport Services, Flight Services and Security, was acting CEO from Dec 2024 and then became COO. No LinkedIn or official bio appeared.","""Khurram Mushtaq"" Pakistan International Airlines PIA | ""Khurram Mushtaq"" ""Chief Operating Officer"" PIA linkedin",
Industrialist - Government,31,Asmat Ullah Tareen,Not found,,,,,"Not found. Results were a MoITT news item on a PSEB board meeting, Punjab School Education Board (India) documents, Punjab University student lists and a Punjab Assembly member page; none names Asmat Ullah Tareen.","""Asmat Ullah Tareen"" PSEB",
Industrialist - Government,107,Sakib Rafik,Not added - candidate failed verification,,,,https://alumni.fui.edu.pk/home/successstories,"Rejected: shared alumni ""success stories"" page at Foundation University, not a personal or RCCI profile. Foundation University alumni 'Success Stories' page (alumni.fui.edu.pk/home/successstories) came back on two queries. The summary describes Saqib Rafiq as elected RCCI Senior Vice President (Oct 2015), Chairman of the RCCI Standing Committee on Foreign Affairs, CEO of XS retail and Director at Xport (Pvt) Ltd. This is an alumni bio on his university's site, not an RCCI page, and it lists several people, so it should be checked by hand.","""Sakib Rafik"" RCCI president | ""Saqib Rafiq"" Rawalpindi Chamber former president | ""Saqib Rafiq"" CEO XS Rawalpindi",Sources spell the name 'Saqib Rafiq'. He was RCCI President around Sept 2024 and is now listed among former presidents; the current RCCI President is Nosherwan Khalil Khan (2026-2028).
Industrialist - Government,84,Muhammad Hamza Sarosh,Not found,,,,,"Not found. Results were RCCI pages and newsletters, FBR event pages and unrelated people (Hasan Sarosh Muhammad, a Karachi software engineer, pk.linkedin.com/in/mhsarosh; Shah Muhammad Hamza); none names Hamza Sarosh.","""Hamza Sarosh"" Rawalpindi Chamber | ""Muhammad Hamza Sarosh""","Results name other people as RCCI Senior Vice President: rcci.org.pk and APP list President Usman Shaukat, SVP Khalid Farooq Qazi and VP Fahad Barlas, and APP reports a new 2026-28 body under President Nosherwan Khalil. The row's 'Senior Vice President' title may be out of date."
Industrialist - Government,42,Farrukh Awais,Not found,,,,,"Not found. Results were Samsung job listings and trade news about other Samsung sales executives (UK, India, Australia); no Farrukh Awais.","""Farrukh Awais"" Samsung Director Sales Business Development",
Industrialist - Government,62,Khawaja Rizwan Babar,Not found,,,,,Not found. Results were cricket news (Rizwan and Babar Azam) and Fiverr web-scraping freelancer pages; nothing mentions Scraperrs Lab together with Rizwan Babar.,"""Rizwan Babar"" Scraperrs Lab",
Industrialist - Government,140,Zeeshan Shah,Not found,,,,,"Not found. Results were Zameen real-estate agent pages, unrelated Zeeshan LinkedIn profiles (Zeeshan Ali, Muhammad Zeeshan Arshad) and news about Zeeshaan Shah, a London realtor appointed Ambassador-at-Large; nothing mentions Shahnawaz Associates.","""Zeeshan Shah"" ""Shahnawaz Associates"" Lahore",
Industrialist - Government,78,Merai Syed,Not found,,,,,"Not found. Results were about Pakistani dramas (Meray Paas Tum Ho, Meri Zindagi Hai Tu), the US TBS TV network and Sabeena Syed; no Merai Syed.","""Merai Syed"" TBS",
Industrialist - Government,122,Syed Shoaib Ahsan,Not found,,,,,"Searched, nothing found. The results were all cricket pages (Karachi Kings, Shoaib Akhtar and others), and none mentioned Technolecuals or a Shoaib Ahsan tied to it.","Technolecuals Karachi team ""Shoaib Ahsan""",
Industrialist - Government,136,Yasir Hassan Maken,Not found,,,,,"Searched, nothing found. No Yasir (Hassan) Maken appeared; the results were unrelated Yasirs (McKinsey ME, IsDB team page, Crunchbase Yasir Farooqui) and nothing tied to Teradata.","""Yasir Hassan Maken"" OR ""Yasir H. Maken"" country head",
Industrialist - Government,103,Rushd Ilyas,Not found,,,,,"Searched, nothing found. The exact-name query returned only Wikipedia/wordnik pages about the given name 'Ilyas'; nothing tied to Tesla.","""Rushd Ilyas""",
Industrialist - Government,121,Syed Hira Bukhari,Not found,,,,,"Searched, nothing found. The results were only generic U.S. Embassy Islamabad pages (Wikipedia, VisaHQ, DevelopmentAid) and none named Hira Bukhari.","""Hira Bukhari"" ""U.S. Embassy"" OR ""US Embassy"" OR ""U.S. Mission"" Pakistan",
Industrialist - Government,138,Zakaria Rizvi,Not found,,,,,"Searched, nothing found. The confirming check returned only news about Nafees Zakaria and other Rizvis plus the US Embassy Wikipedia page. The earlier Palladium/USAID LinkedIn lead (/in/zakaria-rizvi-ba72a537/) was not confirmed, so it was not adopted.","""Zakaria Rizvi"" Islamabad embassy",
Industrialist - Government,101,Riaz ul Hassan,Not found,,,,,"Searched, nothing found. The results were other Volvo executives and press items (Tony Helsham, Volvo Financial Services, Volvo Cars); none named Riaz (ul) Hassan.","""Riaz ul Hassan"" Volvo vice president service offering",
Investor,10,Irum Fatima,Not found,,,,,"Searched, nothing found. The shared Accelerate Prosperity team query returned other AP staff (Eisha Zeb, Rohma Labeeb) and AKDN press pages; Irum Fatima was not named.","Accelerate Prosperity Pakistan team ""Irum Fatima"" OR ""Sayad Ghani"" OR ""Bilal Ahmad""",
Investor,25,Sayad Ghani,Not found,,,,,"Searched, nothing found. The shared Accelerate Prosperity team query returned other AP staff (Eisha Zeb, Rohma Labeeb, Imran Shams) and AKDN press pages; Sayad Ghani was not named.","Accelerate Prosperity Pakistan team ""Irum Fatima"" OR ""Sayad Ghani"" OR ""Bilal Ahmad""",
Investor,6,Bilal Ahmad,Not found,,,,,"Searched, nothing found. The shared Accelerate Prosperity team query returned other AP staff (including a Bilal Farooq Khan, ESO Consultant, who is a different person) and AKDN press pages; no Bilal Ahmad.","Accelerate Prosperity Pakistan team ""Irum Fatima"" OR ""Sayad Ghani"" OR ""Bilal Ahmad""",
Mentors - Prof. Speaker,5,Dr. Abdul Haleem Butt,Not found,,,,,"Searched, nothing found. A Creative Technologies faculty page (au.edu.pk/.../Creative_Technologies/FacultyDetail.aspx?fid=157, titled only 'Air University Home') appeared, but the summary said it was not him, so I rejected it. The other results were Wikipedia pages and arXiv papers.","""Abdul Haleem Butt"" Air University | Abdul Haleem Butt Assistant Professor Creative Technologies [allowed_domains=au.edu.pk]",
Mentors - Prof. Speaker,26,Assad Hussain,Not found,,,,,"Searched, nothing found. The au.edu.pk results were program pages, departmental-representative PDFs and the AU homepage; none named Assad Hussain.",Assad Hussain Program Coordinator Strategic Studies [allowed_domains=au.edu.pk],
Mentors - Prof. Speaker,57,Dr. Ijaz Mansoor Qureshi,Not found,,,,,"Searched, nothing found. Three queries (open web and au.edu.pk-restricted) returned other AU faculty (Muhammad Ahsan Qureshi, Ahmad Jalal), Mansoor Ijaz news and arXiv papers; there was no profile for him.","""Ijaz Mansoor Qureshi"" Air University professor faculty profile | ""Ijaz Mansoor Qureshi"" | Dr. Ijaz Mansoor Qureshi Professor Electrical Computer Engineering [allowed_domains=au.edu.pk]",
Mentors - Prof. Speaker,80,Dr. Mansur Umar Khan,Not found,,,,,"Searched, no profile found. An AU Aerospace Sciences events/webinars page mentions Dr. Mansur Umar Khan (FASS) speaking at a Feb 2022 roundtable, but it is an events page, not a profile, so I did not accept it.",Mansur Umer Khan Assistant Professor Aerospace [allowed_domains=au.edu.pk],
Mentors - Prof. Speaker,150,Syed Zahid Hussain,Added,https://www.au.edu.pk/pages/Faculties/Engineering/Departments/Mechatronics/FacultyDetail.aspx?fid=44,Faculty profile,medium,,"An AU Mechatronics FacultyDetail page (fid=44, generic title 'Air University - Home page') was returned. The summary describes Syed Zahid Hussain as Assistant Professor, Dept of Mechatronics Engineering (PhD BUAA, MS UT Austin); the other FacultyDetail results were titled with other names. This bio does not match the earlier 'Zahid Hussain Shah - Purdue' LinkedIn lead, so I did not adopt that lead.",Syed Zahid Hussain Assistant Professor Mechatronics Engineering [allowed_domains=au.edu.pk],
Mentors - Prof. Speaker,94,Muhammad Muzammal,Not added - candidate failed verification,,,,https://oric.bahria.edu.pk/category/pcsrc/pcsrc-researchers/page/2/,"Rejected: paginated ORIC researcher list, not a profile; he may also have moved to Northumbria University (row issue). The Bahria University ORIC page listing PCSRC researchers (page 2) was returned, and the summary identifies 'Dr. Muhammad Muzammal at Bahria University'. It is a researcher listing page, not an individual bio. There was no Northumbria staff profile.","""Muhammad Muzammal"" Northumbria University staff profile","An IEEE author bio found in the earlier pass says he is now Assistant Professor at Northumbria University, UK (formerly Bahria CS), so the HOD, Computer Science, Bahria Islamabad entry may be out of date. This round did not reconfirm it."
Mentors - Prof. Speaker,141,Dr. Shahzad Hassan,Added,https://bahria.edu.pk/buic/ce/?p=5385,Faculty profile,high,,"The Bahria Islamabad CE department page 'Engr. Dr. Shahzad Hassan' (bahria.edu.pk/buic/ce/?p=5385) describes him as Associate Professor, Computer Engineering Dept, Bahria University Islamabad, since Nov 2016. The prior LinkedIn lead (Military Technological College) was not needed or adopted.","""Shahzad Hassan"" Bahria University Islamabad Computer Engineering head of department","His profile lists him as Associate Professor (Jan 2022-present), formerly Senior Assistant Professor and PGP Coordinator. It does not show the HOD, Computer Engineering role in the row."
Mentors - Prof. Speaker,108,Naaz Shah,Not found,,,,,"Searched, nothing found. The results were unrelated people (Naz Shah MP, Naaima Shafiq, Ifrah Naaz, a /in/naazn profile with no Citizen tie) and aggregator pages.","""Naaz Shah"" Citizen app engineering",
Mentors - Prof. Speaker,78,Dr. Majid Iqbal Khan,Added,http://ww2.comsats.edu.pk/faculty/FacultyDetails.aspx?Uid=654,Faculty profile,high,,"The result titled 'Dr. Majid Iqbal Khan - Faculty Proflle' on comsats.edu.pk describes him as Professor, Dept of Computer Science, COMSATS University Islamabad (PhD University of Vienna).",Majid Iqbal Khan Computer Science faculty profile [allowed_domains=comsats.edu.pk],
Mentors - Prof. Speaker,79,Dr. Mansoor Ahmed,Added,http://ww3.comsats.edu.pk/faculty/FacultyDetails.aspx?Uid=633,Faculty profile,medium,,"The COMSATS 'Faculty Proflle' page (Uid=633, generic title) is the only untitled profile result. The summary describes Dr. Mansoor Ahmed as Assistant Professor, CS, CIIT Islamabad (PhD TU Vienna, postdoc Indiana University). The other same-name result (Uid=22176) is titled 'Mr. Mansoor Ahmed', so I excluded it.",Dr. Mansoor Ahmed Computer Science Islamabad faculty profile [allowed_domains=comsats.edu.pk],
Mentors - Prof. Speaker,119,Prof. Dr. Aftab Khan,Not found,,,,,"Searched, no link accepted. The summaries say Prof. Dr. Aftab Khan is a Professor of Mathematics at COMSATS Islamabad who served as Dean of Science, but no returned URL was clearly his: the profile pages (Uid=470, Uid=18863) had generic titles, and the Deans of Faculties page was not explicitly tied to him.","Prof. Dr. Aftab Khan Dean Faculty of Science [allowed_domains=comsats.edu.pk] | ""Aftab Khan"" Mathematics Professor faculty profile Islamabad [allowed_domains=comsats.edu.pk]",
Mentors - Prof. Speaker,122,Prof. Dr. Muhammad T. Afzal,Not found,,,,,"Searched, nothing found. According to the COMSATS 'Deans of Faculties' page, the Architecture and Design dean is someone else, and no Muhammad (T.) Afzal appeared.",COMSATS deans of faculties Shahzad A. Malik Engineering Muhammad Tanvir Afzal Architecture and Design [allowed_domains=comsats.edu.pk],"The COMSATS Deans of Faculties page (https://www.comsats.edu.pk/deans-of-faculties.aspx) names Prof. Dr. Shahida Mansoor as Dean, Faculty of Architecture and Design, not Muhammad T. Afzal."
Mentors - Prof. Speaker,123,Prof. Dr. Shahzad A. Malik,Added,https://www.comsats.edu.pk/deans-of-faculties.aspx,Official profile page,high,,"The official COMSATS 'Deans of Faculties' page names Prof. Dr. Shahzad A Malik as Dean of the Faculty of Engineering, which matches the row. It is a leadership listing, not an individual bio.",COMSATS deans of faculties Shahzad A. Malik Engineering Muhammad Tanvir Afzal Architecture and Design [allowed_domains=comsats.edu.pk],
Mentors - Prof. Speaker,143,Dr. Sher Akbar,Not added - candidate failed verification,,,,http://ww2.comsats.edu.pk/faculty/FacultyDetails.aspx?Uid=4259,"Rejected: two untitled COMSATS profile pages (Uid=4259 and Uid=84) came back, so which one is his cannot be told from results. This was the top COMSATS 'Faculty Proflle' result (Uid=4259, generic title) for the query. The summary describes Dr. Sher Akbar as Assistant Professor, Management Sciences, COMSATS (PhD Universiti Sains Malaysia 2012). Caveat: a second generic-titled profile (Uid=84) also appeared, so the page-to-person match is inferred.",Dr. Sher Akbar Management Sciences faculty profile [allowed_domains=comsats.edu.pk],
Mentors - Prof. Speaker,89,Dr. Muhammad Amjad Khan,Not found,,,,,"Searched, nothing found. The results were Hamdard Islamabad MCS program pages, admissions aggregators, a QAU academia.edu page for a different Amjad Khan (plant systematics) and an unrelated LinkedIn profile.","""Amjad Khan"" Hamdard University Islamabad computer science assistant professor",
Mentors - Prof. Speaker,8,Dr. Abdul Waheed,Not found,,,,,"Searched, nothing found. The IST results had no profile for him; the summary mentions an Abdul Waheed only as an instructor of Aerospace Instrumentation courses.",faculty Avionics Engineering Dr. Abdul Waheed head of department [allowed_domains=ist.edu.pk],"The IST BS Avionics page (https://www.ist.edu.pk/ave-undergraduate-bs-avionics) names Dr. Israr Hussain (PhD Manchester) as current Head of Department, Avionics Engineering, not Dr. Abdul Waheed."
Mentors - Prof. Speaker,21,Dr. Asif Israr,Added,https://www.ist.edu.pk/me-faculty,Faculty profile,high,,"The IST page 'Faculty - Department of Mechanical Engineering' (ist.edu.pk/me-faculty) lists Dr. Asif Israr as Professor, Mechanical Engineering (PhD University of Glasgow; dynamics, vibrations and acoustics). It is a department faculty listing.",Dr. Asif Israr Mechanical Engineering faculty profile [allowed_domains=ist.edu.pk],
Mentors - Prof. Speaker,52,Dr. Hamid Saleem,Not found,,,,,"Searched, nothing found. The IST-restricted results were the IST homepage, LMS course pages and a GREL lab page; none named Hamid Saleem.",Dr. Hamid Saleem Professor Space Science faculty [allowed_domains=ist.edu.pk],
Mentors - Prof. Speaker,103,Dr. Muhammad Zubair Khan,Not found,,,,,"Not found. Both searches returned only general IST pages (Wikipedia, rankings) and other people: Zubair Ahmad Khan (UET Lahore/Peshawar), Ahmed Waqas Zubairi (IST, satellite comms), and a Youth Parliament M. Zubair. None ties a Muhammad Zubair Khan to IST Mechanical Engineering.","""Muhammad Zubair Khan"" ""Institute of Space Technology"" Mechanical Engineering professor | ""Zubair Khan"" IST Islamabad mechanical engineering department faculty space technology",
Mentors - Prof. Speaker,25,Asma Batool Naqvi,Not found,,,,,"Not found. The IIUI query returned other Batools (Sayyada Humaira Batool at NUML, Sheeza Batool at BNU, Ghanwa Batool at CUI Attock). The exact-name query returned only Wikipedia pages for other Naqvis (e.g. cricketer Batool Fatima Naqvi) and an unrelated /in/batoolnasir.","""Asma Batool"" IIUI lecturer computer science faculty | ""Asma Batool Naqvi""",
Mentors - Prof. Speaker,95,Dr. Muhammad Nadeem,Added,https://iiu.edu.pk/?p=1825,Official profile page,medium,,"The IIUI page 'Department Level Positions' (iiu.edu.pk/?p=1825) was the only IIUI result. The summary describes Dr. Muhammad Nadeem there as Assistant Professor and Chairperson at IIUI, with a PhD and MS in CS from IIUI and work in image processing and fuzzy logic. It is a listing page, not a dedicated bio, and the summary did not say which result each detail came from, so confidence is medium.","""Muhammad Nadeem"" IIUI ""Assistant Professor"" computer science faculty profile","The search summary also calls him Chairperson (department not stated), a title the sheet's designation does not include."
Mentors - Prof. Speaker,36,Engr. Dr. Adnan Khan,Not found,,,,,"Not found. Results were the MCS Wikipedia page, Scribd documents and aggregator pages (AMiner, nyne.ai). The only named PhD was Muhammad Adnan Khan, Associate Professor at Riphah, a different institution with no MCS tie.","""Adnan Khan"" ""Military College of Signals"" software engineering faculty PhD",
Mentors - Prof. Speaker,148,Dr. Syed Amer Ahsan Gillani,Not found,,,,,"Not found. Results covered the NUST MS Information Security programme, Haider Abbas (MCS-NUST R&D head) and NUML staff pages. Nothing named Amer Ahsan Gilani/Gillani.","""Amer Ahsan"" Gilani MCS NUST information security",
Mentors - Prof. Speaker,145,Dr. Shoaib Hassan,Not found,,,,,"Not found. Both queries returned NUML faculty pages for other people, chiefly Dr. Muhammad Shoaib (Asst Prof, Statistics, NUML Lahore, numl.edu.pk/lahore/campus/department/226/faculty/1262), plus FAST faculty PDFs. No page for Shoaib Hassan in Management Sciences.","""Shoaib Hassan"" NUML management sciences HOD | ""Dr. Shoaib Hassan"" NUML Islamabad",
Mentors - Prof. Speaker,4,Aamir Sohail,Not found,,,,,"Searched in follow-up: Only other Sohails/Aamirs (Sohail M. Khan, Aamir Ibrahim, Aamir Ahsan Khan); no organisation in the row to tie a profile to.","""Aamir Sohail"" tech executive Pakistan linkedin CTO OR CEO OR director technology",
Mentors - Prof. Speaker,92,Muhammad Iqbal,Not found,,,,,"Searched in follow-up: Several Muhammad Iqbal profiles, none titled Innovation Manager; very common name and no organisation in the row.","""Muhammad Iqbal"" ""Innovation Manager"" Pakistan linkedin",
Mentors - Prof. Speaker,111,Naseem e saba,Not found,,,,,"Searched in follow-up: No person by this name came back (only Naseem Amjad, Saba Khan, Saba Gul).","""Naseem e Saba"" OR ""Naseem-e-Saba"" tech executive Pakistan linkedin",
Mentors - Prof. Speaker,135,Dr. Sajjad Haider,Not found,,,,,"Not found. Results were other Sajjad Haiders: a Kashmiri journalist (Wikipedia), a QAU anthropology research supervisor, Sajjad Haidar at NIAB/PIEAS, and judges (Justice Syed Afzal Haider). Nothing tied any of them to NASTP.","""Sajjad Haider"" NASTP judge academia",
Mentors - Prof. Speaker,32,Dr. Azhar Hasan,Not found,,,,,"Not found. Results were the CAE Wikipedia page, parhlai.com blog posts on NUST CAE avionics, and other people (Aamir Hasan at Habib University, Zeashan Hameed Khan, Prof. SA Hasan). Nothing named Azhar Hasan at NUST/CAE.","""Azhar Hasan"" ""College of Aeronautical Engineering"" avionics NUST | ""Azhar Hasan"" avionics engineering NUST Google Scholar OR ResearchGate",
Mentors - Prof. Speaker,23,Dr. Asif Ullah Khan,Added,https://faculty.pieas.edu.pk/asifullah/index.html,Faculty profile,medium,,"The result 'Prof. Dr. Asifullah Khan' (faculty.pieas.edu.pk/asifullah/index.html) is his official PIEAS faculty page: Professor, Dept of Computer & Information Sciences, Pride of Performance 2018. This confirms the PIEAS and Pride of Performance details in the prior LinkedIn lead (/in/asifullah-khan-08013a7/). Medium because the match assumes the row's 'PEAS' means PIEAS.","""Asifullah Khan"" PIEAS professor computer science profile","The organisation 'PEAS' is probably a typo for PIEAS (Pakistan Institute of Engineering & Applied Sciences). The faculty page lists him as Professor, DCIS, and Director, Center for Mathematical Sciences."
Mentors - Prof. Speaker,37,Engr. Asim Gulzar,Not found,,,,,"Not found. Searching the 'Aasim Gulzar' spelling returned only general PMAS-AAUR pages (Wikipedia, THE rankings) and Gulzar Ahmad (University of Agriculture Peshawar), who is unrelated.","""Aasim Gulzar"" Arid Agriculture University",
Mentors - Prof. Speaker,47,Dr. Ghazala Kaukab,Not found,,,,,"No acceptable profile found. Results show her full name as 'Ghazala Kaukab Raja', Professor at UIBB, PMAS-AAUR, but only on a stemwomen.asia country directory listing (stemwomen.asia/country/Pakistan?page=1), which is not a profile page. The Google Scholar/ResearchGate query returned only other Ghazalas.","""Ghazala Kaukab"" UIBB Arid Agriculture University biotechnology | ""Ghazala Kaukab Raja"" professor biochemistry biotechnology | ""Ghazala Kaukab Raja"" Google Scholar OR ResearchGate",
Mentors - Prof. Speaker,99,Dr. Muhammad Umair,Not found,,,,,"Not found. Results returned other Muhammad Umairs (NUTECH, QUEST, MUET, /in/engrmumair with no PMAS tie, MUN library author) and general PMAS-AAUR pages. Nothing tied a Muhammad Umair to PMAS-AAUR Energy Systems Engineering.","""Muhammad Umair"" uaar.edu.pk energy systems engineering assistant professor | ""Muhammad Umair"" ""PMAS-Arid Agriculture University"" energy systems engineering",
Mentors - Prof. Speaker,101,Muhammad Yasin,Not found,,,,,"Not found. The query used PMAS's 'Farm Machinery and Precision Engineering' department name. It returned UAF staff resume PDFs and Dr. Muhammad Yamin (UAF Farm Machinery & Power), who is a different person, but no Muhammad Yasin at PMAS-AAUR.","""Muhammad Yasin"" ""Farm Machinery and Precision Engineering"" Arid Agriculture",
Mentors - Prof. Speaker,69,Dr. Khattak,Not found,,,,,"Searched in follow-up: Several Khattaks are linked to QAU (e.g. Prof. Muazzam A. Khan Khattak, Computer Sciences); with surname only, the right one cannot be chosen.",Dr Khattak faculty Quaid-i-Azam University Islamabad qau.edu.pk,
Mentors - Prof. Speaker,161,Dr. Zubair,Not found,,,,,"Searched in follow-up: Several Zubairs at Riphah (Muhammad Zubair Safdar, Student Services; a Muhammad Zubair in Computing); first name only, cannot choose.",Dr Zubair Riphah International University faculty profile riphah.edu.pk,
Mentors - Prof. Speaker,152,Dr. Tazeen,Not found,,,,,"Not found. The SZABIST query returned only SZABIST annual reports and institutional pages. The Saarland query found an ICTP diploma alumni page for Tazeen Athar (diploma-clear.ictp.it/courses/math/students/Tazeen-Athar; PhD Saarland, expected 2010), but nothing in it ties her to SZABIST Islamabad, so it was not accepted.","""Tazeen Athar"" SZABIST Islamabad | ""Tazeen Athar"" mathematics Saarland assistant professor",
Mentors - Prof. Speaker,157,Dr. Zafar Saeed,Not found,,,,,"Not found. Both queries returned CS faculty at other Lahore institutions (Kinnaird, UMT, FAST, ITU, LUMS: Sidra Zafar, Kashif Zafar, etc.). No page named Zafar Saeed at UCP.","""Zafar Saeed"" ""University of Central Punjab"" computer science assistant professor | ""Dr. Zafar Saeed"" UCP Lahore computer science",
Mentors - Prof. Speaker,146,Dr. Sikandar,Not found,,,,,Searched in follow-up: No Dr. Sikandar at University of Haripur in results.,Dr Sikandar University of Haripur faculty uoh.edu.pk,
Mentors - Prof. Speaker,53,Hamza Ahmad,Not found,,,,,Searched in follow-up: Only Fiverr/Truelancer freelancers with similar names; nothing ties any to this row.,"""Hamza Ahmad"" freelancer Upwork Pakistan top rated profile",
