Tab,Row (v12),Full Name,Field,New value,Source,Evidence
Entrepreneur - Founder,8,Dr. Adnan Tariq,City,Islamabad,https://www.goodfirms.co/company/funavry-technologies,"GoodFirms company profile gives Funavry Technologies' office as Office 10, Floor 3, Executive Complex, G-8 Markaz, Islamabad (org city used; page does not name Adnan Tariq, his CEO role rests on the existing row)."
Entrepreneur - Founder,9,Afshan Khan,City,Peshawar,https://mediamatters.com.pk/defying-stereotypes/,"Media Matters profile says Afshan Khan, a young woman from Peshawar, founded FastMove, a packaging and logistics business (Fast Move Packages)."
Entrepreneur - Founder,15,Aiman Khan,City,Islamabad,https://propakistani.pk/2023/06/14/pakistani-startups-showcase-their-products-at-london-tech-week-2023/,ProPakistani London Tech Week 2023 article lists SLOSH AI Solutions as a startup incubated at NIC Islamabad (org city used; article does not name Aiman Khan).
Entrepreneur - Founder,21,Ali Saleh Aziz Shah,City,Islamabad,https://www.signalhire.com/companies/infinity-bits,"Company directory profile (cited as City evidence only) places InfinityBits HQ at Office 501, CUBATOR 1ne Sunrise Avenue near COMSATS University, Islamabad, and the pk.linkedin.com/in/infinityali result titled 'Ali Shah' is listed as its Co-Founder & COO (org city used)."
Entrepreneur - Founder,69,Farhan Ijaz,City,Islamabad,https://clutch.co/profile/infinitybits,"Clutch profile lists InfinityBits headquarters at Office 304, Capital Technology Park, Sunrise Avenue, Park Road, Islamabad; person's LinkedIn (pk.linkedin.com/in/farhanijz) shows him as CEO of InfinityBits."
Entrepreneur - Founder,73,Fatima Zaka,City,Lahore,https://direct.usagm.gov/record/97757,"VOA/USAGM record (seen in search results) describes ""Fatima Zakka of Lahore"" as the creator of The Farmette online fresh-produce business."
Entrepreneur - Founder,74,Fawad Hussain,City,Islamabad,https://tracxn.com/d/companies/markaz/__0jn5DsKAw94L4TrSB84Uwp89zoKNBIliy-1K9uXbDZU,"Tracxn profile says Markaz is based in Islamabad, Pakistan, founded in 2021 by Fawad Hussain, Shoaib Khan, Sameel Hayat and Umair Aslam."
Entrepreneur - Founder,88,Ibrahim Bokhari,City,Lahore,https://tracxn.com/d/companies/farmdar/__Bhb6473RJnTbqpKbclq8ihCKqvt8-DEi8c1dforl3P0,"Tracxn (and CB Insights) list Farmdar as headquartered in Lahore, Pakistan, founded in 2021 by Ibrahim Akbar Bukhari, Muhammed Bukhari and Muzaffar Manghi."
Entrepreneur - Founder,91,Illum Khan,City,Islamabad,https://pk.linkedin.com/company/evamp-&-saanga,Evamp & Saanga's LinkedIn company page gives its headquarters as Islamabad; Illum Khan's LinkedIn shows him hosting colleagues at the company's Islamabad office.
Entrepreneur - Founder,91,Illum Khan,Designation,COO,https://propakistani.pk/2025/05/08/nic-peshawar-and-invest2innovate-launch-kps-first-angel-investor-network-and-syndicate-through-invest-lab/,"ProPakistani article on NIC Peshawar's angel network quotes Illum Khan, COO of Evamp & Saanga and Chairman of NIC Peshawar Strategic Council."
Entrepreneur - Founder,100,Jamal Nasir,City,Karachi,https://dps.psx.com.pk/download/document/272114.pdf,"PSX filing 'Supernet Technologies Appoints Jamal Nasir Khan as CEO' (effective 3 March 2026, after merger with Supernet Limited, where he had been CEO since 2021); Supernet's PSX filings give its registered office as World Trade Center, Clifton, Karachi (Supernet also has a Lahore office)."
Entrepreneur - Founder,117,M. Hamid,City,Rawalpindi,https://www.mustakbil.com/companies/company/128224,"Directory page 'About Backendz' (as shown in search results) gives Backendz's office as Alpha Techno Square, NASTP, Rawalpindi; organisation-level city only, no source names M. Hamid himself."
Entrepreneur - Founder,118,Hardy Chaudry,City,Rawalpindi,https://www.mustakbil.com/companies/company/128224,"Search results (About Backendz directory page / prospeo profile) list Hardy Chaudry as Founder & CEO of Backendz, an IT services company based at Alpha Techno Square, NASTP, Rawalpindi."
Entrepreneur - Founder,142,Muhammad Ahsan Tanveer,City,Lahore,https://techcrunch.com/?p=2201992,TechCrunch describes BridgeLinx (co-founded by Ahsan Tanveer per LUMS/Forbes coverage) as a Lahore-headquartered digital freight startup; CB Insights also lists it as based in Lahore.
Entrepreneur - Founder,150,Muhammad Irshad Kanwal,City,Lahore,https://theorg.com/org/allzone-technologies/offices/hq,"The Org lists AllZone Technologies' headquarters in Lahore, Pakistan, with Irshad Malik as CEO."
Entrepreneur - Founder,153,Muhammad Khalid,City,Lahore,https://propakistani.pk/2020/11/30/pakistani-fashion-e-commerce-startup-attracts-700000-in-pre-series-a-funding-round/,ProPakistani describes Clicky.pk as a Lahore-based fashion e-commerce startup founded by Muhammad Khalid and Syed Shahzad.
Entrepreneur - Founder,162,Muhammad Uzair,City,Peshawar,https://www.northumbria.ac.uk/about-us/news-events/news/2018/04/northumbria-graduate-entrepreneur-impresses-in-pakistan,"Northumbria University news item describes Muhammad Uzair as co-founder of Peshawar-based Blimp, a digital marketing and PR agency; CB Insights also lists Blimp Digital Marketing & PR as based in Peshawar, Pakistan."
Entrepreneur - Founder,174,Naeem Sattar,City,Lahore,https://pk.linkedin.com/in/mnaeemsattar,"Search result for LinkedIn profile 'Muhammad Naeem Sattar' (same slug as the row's link) shows him as founder of Tarsil.pk and based in Lahore, Pakistan."
Entrepreneur - Founder,195,Raza Afzal,City,Karachi,https://startupgrind.com/events/details/startup-grind-karachi-presents-fireside-chat-with-raza-afzal-co-founder-truck-it-in,"Startup Grind Karachi fireside chat lists Raza Afzal as Co-Founder, Truck It In; Gulf News / Arab News coverage (gulfnews.com/world/asia/pakistan/pakistani-startup-aims-to-digitize-road-freight-transport-1.82094432) describes Truck It In as a Karachi-based digital logistics company."
Entrepreneur - Founder,210,Salim Ghauri,City,Lahore,https://startupgrind.com/events/details/startup-grind-karachi-hosted-salim-ghauri-ceo-netsol-technologiespresident-tie-lahore-chapter,"Event page titles him CEO, NetSol Technologies and President, TiE-Lahore Chapter; NetSol press release (ir.netsoltech.com/press-releases/detail/2424) names him Honorary Consul of Australia for Punjab, consistent with a Lahore base (NetSol Pakistan is Lahore-based)."
Entrepreneur - Founder,214,Salman Chattha,City,Lahore,https://builtin.com/company/taraki,"Search result summaries (builtin.com / himalayas.app / premieralts listings for Taraki) describe Taraki, founded in 2021 by Salman Chattha and Hassaan Khan, as a recruitment/job platform headquartered in Lahore, Pakistan; page itself could not be fetched (egress blocked), so exact listing quoting Lahore not confirmed."
Entrepreneur - Founder,219,Samad Saleem,City,Karachi,https://menafn.com/1105387783/Digitrends-At-Future-Fest-As-A-Session-Curator,"Search result summaries for DigiTrends coverage identify Samad Saleem as CEO of DigiTrends and describe DigiTrends as a technology company based in Karachi, Pakistan (founded 2010)."
Entrepreneur - Founder,222,Sanad Khan,City,Swabi,https://www.linkedin.com/in/iamsanadkhan/,"LinkedIn result title reads 'Sanad khan - Swabi, Khyber Pakhtunkhwa, Pakistan'; ProPakistani also says Batoor is based in Shahmansoor village, Swabi."
Entrepreneur - Founder,222,Sanad Khan,Gender,Male,https://propakistani.pk/2021/12/23/pakistans-first-on-demand-delivery-service-raises-investment/amp/,ProPakistani article on Batoor's pre-seed round describes Sanad Khan 'designing his own pamphlets' when launching Batoor.
Entrepreneur - Founder,225,Sehrish Raza,City,Islamabad,https://www.crunchbase.com/organization/bizb,"Crunchbase/Tracxn profiles list BizB (preloved fashion marketplace founded 2019 by Sehrish Raza) as located in Islamabad, Pakistan."
Entrepreneur - Founder,227,Shaheer Ahmed,City,Karachi,https://pk.linkedin.com/company/techtree.io,"TechTree.io LinkedIn company page (Shaheer Ahmed's profile headline is 'Shaheer Ahmed - TechTree.io') lists the STEM startup as based in Karachi, Sindh."
Entrepreneur - Founder,228,Shahzad Khan,City,Multan,https://pk.linkedin.com/company/the-laptop-living,"The Laptop Living LinkedIn company page (founded by copywriter Shahzad Khan, linkedin.com/in/shahzad-khan-copywriter) lists headquarters in Multan, Pakistan."
Entrepreneur - Founder,233,Shaur ul Asar,City,Lahore,https://www.linkedin.com/in/shaur/,"LinkedIn profile 'Shaur Ul Asar - FRIXM' (Founder of FRIXM Pvt Ltd) shows location Lahore District, Punjab, Pakistan."
Entrepreneur - Founder,234,Shawana Iftikhar,City,Rawalpindi,https://pk.linkedin.com/company/workgenerations,"Work Generations Pvt Ltd LinkedIn page gives its HQ address as KPZ Galaxy Mall, Bahria Intellectual Village, Phase 7 Bahria Town, Rawalpindi (tagged Islamabad Capital Territory); Indeed lists its jobs in Rawalpindi."
Entrepreneur - Founder,241,Shoaib Khan,City,Islamabad,https://seedtable.com/companies/markaz-technologies/funding-rounds/seed-2022-05,"Search result summary on Markaz Technologies (seedtable.com) describes it as an Islamabad-based company founded in 2021 by Sameel Hayat, Fawad Hussain, Shoaib Khan and Umair Aslam."
Entrepreneur - Founder,262,Umair Aslam,City,Islamabad,https://seedtable.com/companies/markaz-technologies/funding-rounds/seed-2022-05,"Search result summary on Markaz Technologies (seedtable.com) describes it as an Islamabad-based company founded in 2021 by Sameel Hayat, Fawad Hussain, Shoaib Khan and Umair Aslam."
Entrepreneur - Founder,269,Vladimira Briestenska,City,Karachi,https://propakistani.pk/2023/06/26/dni-group-invests-1-million-in-pakistans-embedded-finance-startup-neem/amp/,"Neem is described in search results as a Karachi-based embedded finance / financial wellness platform; the Singapore FinTech Festival speaker page (fintechfestival.sg/speakers/1906-vladimira-briestenska) lists Vladimira Briestenska as co-founder of Neem in Pakistan. City is the organisation's city, not confirmed as her personal residence."
Entrepreneur - Founder,271,Waleed Najam,City,Lahore,https://techbehemoths.com/company/rankistan,"Search result summaries for Rankistan agency listings (techbehemoths.com / themanifest.com/company/rankistan) describe Rankistan as a digital marketing/SEO agency based in Lahore, Pakistan, founded in 2018 by Waleed Najam, who is its CEO."
Entrepreneur - Founder,279,Zafar Khan,City,Lahore,https://www.cbinsights.com/company/truckistan-technologies,"Search-result summary (page fetch blocked) states Truckistan Technologies is based in Lahore, Pakistan, co-founded by Abid Butt (CEO) and Zafar Khan (CTO); same facts in the ProPakistani Sept 2023 funding article https://propakistani.pk/2023/09/20/truckistan-technologies-secures-initial-funding-and-sets-course-for-a-technological-revolution-in-ltl-sector/ and https://www.sarmayacar.com/angle-cheques/truckistan."
Entrepreneur - Founder,281,Zahra Nooreen,City,Gilgit,https://pamirtimes.net/2020/12/15/shedev-gilgit-baltistans-first-women-lead-tech-initiative-launched/,"SheDev, the women-led tech company of which Zahra Nooreen is CEO & Co-founder (worldpulse.org story), is described as located in Gilgit, Pakistan (Pamir Times launch article / Clutch profile https://clutch.co/profile/shedev, via search summaries)."
Incubator - Accelerator,5,Ahmed Mujtaba Khan,City,Rawalpindi,https://app.com.pk/national/ignite-signs-agreement-for-8th-incubation-center-in-aerospace-technologies/,"Organisation-city basis: news coverage (APP/Business Recorder, via search summary) places NICAT at the National Aerospace Science & Technology Park (NASTP), Old Chaklala Airport, Rawalpindi. Person himself not named in the sources."
Incubator - Accelerator,10,Ali Khursheed,City,Rawalpindi,https://app.com.pk/national/ignite-signs-agreement-for-8th-incubation-center-in-aerospace-technologies/,"Organisation-city basis: NICAT is housed at NASTP, Old Chaklala Airport, Rawalpindi per APP/Business Recorder coverage (search summary). Person himself not named in the sources."
Incubator - Accelerator,21,Hannan Hayat,City,Lahore,https://placements.umt.edu.pk/org/3875,"Organisation-city basis: Game Train (industry-led IT/gaming accelerator) is listed with its office at Al-Hafeez Executive, Gulberg III, Lahore (UMT placements page / Indeed company page, via search summary). Person not named in the sources."
Incubator - Accelerator,23,Imran Jattala,City,Rawalpindi,https://app.com.pk/national/ignite-signs-agreement-for-8th-incubation-center-in-aerospace-technologies/,"Organisation-city basis: NICAT is housed at the National Aerospace Science & Technology Park (NASTP), Old Chaklala Airport, Rawalpindi per APP / Business Recorder coverage (search summary). Person himself not named in the sources."
Incubator - Accelerator,28,Mahjabeen Alvina,Department,Umeed Labs,https://womenintechpk.com/mahjabeen-alvina-incredible-womenintechpk/,"Women in Tech Pakistan profile (search summary) says Mahjabeen Alvina, a NED University biomedical engineer who led the Startup Lab at the American Space, currently runs Umeed Labs (STEAM and entrepreneurship education for underserved girls)."
Incubator - Accelerator,29,Mahnoor Sohail,City,Karachi,https://pitchbook.com/profiles/investor/459098-92,"Organisation-city basis: PitchBook profile (search summary) describes Innoventures Global, an accelerator/incubator founded in 2016, as based in Karachi, Pakistan. Person herself not named."
Incubator - Accelerator,49,Shaista Ayesha,City,Karachi,https://profit.pakistantoday.com.pk/2019/10/23/reuters-exclusive-youth-women-drive-social-business-growth-in-pakistan-global-poll,"Reuters piece (via Profit/Pakistan Today, search summary) names Shaista Ayesha as heading product development at SEED Ventures, 'a business incubator based in Karachi'; IBA alumni page (iba.edu.pk/alumni-shaista-ayesha-farhat.php) says Shaista Ayesha Farhat was appointed CEO of SEED Ventures; SEED Ventures office D206 Runnymede Road, Old Clifton, Karachi."
Incubator - Accelerator,62,Zujajah Khalid Butt,City,Rawalpindi,https://app.com.pk/national/ignite-signs-agreement-for-8th-incubation-center-in-aerospace-technologies/,"Organisation-city basis: NICAT is housed at NASTP, Old Chaklala Airport, Rawalpindi per APP / Business Recorder coverage (search summary). Person herself not named in the sources."
Industrialist - Government,6,Abdullah Khan,City,Islamabad,https://en.wikipedia.org/wiki/Ignite_National_Technology_Fund,Ignite - National Technology Fund is a government-owned company headquartered in Islamabad (its single office; incubators are run by partners).
Industrialist - Government,13,Ahtasam Ahmad,City,Islamabad,https://renewablesfirst.org/about-us,"Renewables First, the Pakistan think tank where IEEFA's profile places Ahtasam Ahmad, gives its office as 10-11, 3rd Floor, Executive Complex, G-8 Markaz, Islamabad."
Industrialist - Government,33,Chaudhary Bilal Munawar,City,Islamabad,https://www.mustakbil.com/companies/company/72324,Company directory page 'About Glitz Pharma' says the pharmaceutical manufacturer was established in 2005 and is situated in Islamabad (org-level city; page does not name the CEO).
Industrialist - Government,37,Fahad Nisar,City,Lahore,https://pk.linkedin.com/in/fahadnisar,"Search result for the LinkedIn profile already in the row (slug fahadnisar) shows 'Fahad Nisar', Software Engineering professional, location Lahore, Punjab, Pakistan; Nextbridge's HQ is also in Lahore (Johar Town), so city is consistent. Snippet did not show the Nextbridge title itself."
Industrialist - Government,69,AVM Dr. Liaquat Ullah Iqbal,City,Rawalpindi,https://arynews.tv/pm-shehbaz-inaugurates-aerospace-science-technology-park/,"Org-level: search results state NASTP's main facility (NASTP Alpha) is at PAF Base Nur Khan / Old Airport Building, Chaklala, Rawalpindi, and that AVM Dr. Liaquat Ullah Iqbal is its CEO (egypt-air-show.com speaker page); NASTP also has Lahore, Kharian and Karachi sites, so this is the main-site city."
Industrialist - Government,83,Muhammad Faraz Kiani,City,Islamabad,https://en.wikipedia.org/wiki/Ignite_National_Technology_Fund,"Ignite National Technology Fund (the row's organisation, running the Pakistan Startup Fund) is headquartered in Islamabad at Telecom Foundation Complex, G-9/4; it operates from this single head office."
Industrialist - Government,84,Muhammad Hamza Sarosh,Designation,Former Senior Vice President,https://www.nation.com.pk/02-Oct-2022/rcci-newly-elected-office-bearers-take-oath,"The Nation (2 Oct 2022) reports Saqib Rafiq sworn in as RCCI president for 2022-23, Muhammad Hamza Sarosh as senior vice president and Faisal Shahzad as vice president. Held the post for the 2022-23 term; later SVPs were Khalid Farooq Qazi and (2026-28) Waseem Aslam, so written as Former."
Industrialist - Government,93,Ossama Ahmed,City,Islamabad,https://en.wikipedia.org/wiki/Ignite_National_Technology_Fund,Org-level: Ignite National Technology Fund is described as headquartered in Islamabad (search result for Ignite / BridgeStart programme); no page names Ossama Ahmed himself.
Industrialist - Government,101,Raza Sukhera,City,Islamabad,https://en.wikipedia.org/wiki/Pakistan_Software_Export_Board,Org-level: PSEB is a government-owned company founded in 1995 and located in Islamabad (search result for the PSEB page); no page seen names Raza Sukhera himself.
Industrialist - Government,115,Shahab Siddiqi,City,Islamabad,https://dgagroup.com/team/mosharraf-zaidi/,Org-level: search-result bios of Tabadlab founder Mosharraf Zaidi (dgagroup.com / albrightstonebridge.com) describe Tabadlab as a public policy consulting firm in Islamabad; no page seen names Shahab Siddiqi himself.
Industrialist - Government,117,Sheeraz Ahmed,City,Islamabad,https://pk.linkedin.com/in/sheeraz1,"Search result for this LinkedIn profile (the one already in the row) shows Sheeraz Ahmed, technology leader at British Council in Islamabad, PhD programme at Quaid-i-Azam University Islamabad and visiting faculty at SZABIST Islamabad; exact title 'Head of Technology' not visible in snippet."
Industrialist - Government,126,Taimoor Ali,City,Islamabad,https://karandaaz.com.pk/ur/careers/open-positions/senior-analyst-raast-ecosystem-development,Karandaaz careers page boilerplate describes Karandaaz Pakistan as a not-for-profit based out of Islamabad (org city used); a ProPakistani article on the Askari Bank/Digital Miles cashless-ecosystem signing lists Taimoor Ali as Group Head - DFS Projects at Karandaaz (https://propakistani.pk/2024/11/14/askari-bank-leads-the-development-of-pakistans-first-cashless-ecosystem-for-housing-societies/amp/).
Investor,12,Kamil Aziz,City,Islamabad,https://pitchbook.com/profiles/investor/464116-87,"Organisation-city basis: PitchBook profile (search summary) describes Zayn Venture Capital (founded 2021 by Faisal Aftab) as a VC firm based in Islamabad, Pakistan. Kamil Aziz himself not named in the sources."
Investor,19,Rabeel Warraich,City,Lahore,https://www.cbinsights.com/company/sarmayacar,"Search results identify Rabeel Warraich as founder & CEO of Sarmayacar (CB Insights / Kauffman Fellows / Profit); Sarmayacar's headquarters is Haly Tower, DHA Phase II, Lahore (PEI / CB Insights, search summary), though it also has a Karachi office, so this is an organisation-HQ basis."
Investor,30,Zahid Iqbal,City,Islamabad,https://ignite.org.pk/?p=82432,"Organisation-city basis: Ignite's own 'Work With Us' page (search summary) gives its head office as 3rd Floor, Telecom Foundation Complex, 7 Mauve Area, G-9/4, Islamabad. Zahid Iqbal himself not named in the sources."
Mentors - Prof. Speaker,73,Dr. M. Ashraf,Gender,Male,https://cust.edu.pk/our_team/dr-m-ashraf,"Search-engine extract of the CUST 'our team' page for Dr. M. Ashraf (Professor at CUST Islamabad since 2018, PhD Systems Engineering Liverpool) refers to him with 'he/his'; the page itself is blocked from WebFetch, so the pronoun was seen in the search extract only."
