Tab,Row,Full Name,Field,New Value,Evidence / Source
Mentors - Prof. Speaker,39,Engr. Prof. Dr. Muhammad Aamer Saleem,LinkedIn Profile,https://www.linkedin.com/in/aamer-saleem-7ba4b310/,https://www.linkedin.com/in/aamer-saleem-7ba4b310/
Mentors - Prof. Speaker,46,Dr. Fida Muhammad Khan,LinkedIn Profile,https://www.linkedin.com/in/dr-fida-muhammad-khan-snengineeringservicespvtltd/,https://www.linkedin.com/in/dr-fida-muhammad-khan-snengineeringservicespvtltd/
Mentors - Prof. Speaker,73,M. Imran Saeed,LinkedIn Profile,https://www.linkedin.com/in/muhammad-imran-saeed-qureshi-b20b422b/,https://www.linkedin.com/in/muhammad-imran-saeed-qureshi-b20b422b/
Mentors - Prof. Speaker,81,Maria Ashraf,LinkedIn Profile,https://www.linkedin.com/in/maria-ashraf-5177b81a/,https://www.linkedin.com/in/maria-ashraf-5177b81a/
Mentors - Prof. Speaker,133,Dr. Rashad Ramzan,LinkedIn Profile,https://www.linkedin.com/in/rashad-ramzan-367271/,https://www.linkedin.com/in/rashad-ramzan-367271/
Mentors - Prof. Speaker,136,Dr. Saleem Shahid,Contact No.,+92 311 5167815,https://www.au.edu.pk/pages/Faculties/Engineering/Departments/Electrical/FacultyDetail.aspx?fid=230
Mentors - Prof. Speaker,137,Dr. Salma Imtiaz,LinkedIn Profile,https://www.linkedin.com/in/salma-imtiaz-68753a38/,https://www.linkedin.com/in/salma-imtiaz-68753a38/
Mentors - Prof. Speaker,139,Dr. Shahid Hussain Abbassi,LinkedIn Profile,https://www.linkedin.com/in/shahid-abbassi-b7b055110/,https://www.linkedin.com/in/shahid-abbassi-b7b055110/
Industrialist - Government,4,Abdul Wahab Ahmad,City,Lahore,https://www.linkedin.com/in/abdulwahabahmad/
Industrialist - Government,5,Abdullah Gauhar Malik,LinkedIn Profile,https://www.linkedin.com/in/abdullahgauharmalik/,https://pk.linkedin.com/in/abdullahgauharmalik
Industrialist - Government,27,Anas Ali Khan,City,Islamabad,https://cymaxtech.com/team
Industrialist - Government,32,Badar Munir,Designation,Director Internal Affairs,https://www.zoominfo.com/p/Bader-Munir/1416528406
Industrialist - Government,32,Badar Munir,City,Islamabad,https://www.zoominfo.com/p/Bader-Munir/1416528406
Industrialist - Government,32,Badar Munir,LinkedIn Profile,https://www.linkedin.com/in/bader-munir-a873a315/,https://www.linkedin.com/in/bader-munir-a873a315/
Industrialist - Government,37,Fahad Nisar,LinkedIn Profile,https://www.linkedin.com/in/fahadnisar/,https://pk.linkedin.com/in/fahadnisar
Industrialist - Government,39,Faiz Ahmad Chadhar,LinkedIn Profile,https://www.linkedin.com/in/faiz-ahmed-4bb408363/,https://www.linkedin.com/in/faiz-ahmed-4bb408363/
Industrialist - Government,57,Iqbal Mustafa Khan,LinkedIn Profile,https://www.linkedin.com/in/iqbal-m-khan/,https://www.linkedin.com/in/iqbal-m-khan/
Industrialist - Government,59,Javed Afzal,LinkedIn Profile,https://www.linkedin.com/in/muhammad-javed-afzal-4069086/,https://www.linkedin.com/in/muhammad-javed-afzal-4069086/
Industrialist - Government,59,Javed Afzal,City,Lahore,https://www.brecorder.com/news/40427457/smeda-lcci-discuss-msmes-uplift-measures
Industrialist - Government,61,Junaid Ahmed,LinkedIn Profile,https://www.linkedin.com/in/junaid-ahmed-b833622b9/,https://www.linkedin.com/in/junaid-ahmed-b833622b9/
Industrialist - Government,61,Junaid Ahmed,City,Islamabad,https://www.linkedin.com/in/junaid-ahmed-b833622b9/
Industrialist - Government,86,Nasir Mansoor Qureshi,Designation,Founder & Proprietor,https://paramount.net.pk/about/
Industrialist - Government,86,Nasir Mansoor Qureshi,City,Islamabad,https://paramount.net.pk/about/
Industrialist - Government,90,Noman Hassan,LinkedIn Profile,https://www.linkedin.com/in/noman-hassan/,https://www.linkedin.com/in/noman-hassan/
Industrialist - Government,115,Shahbaz Hameed,LinkedIn Profile,https://www.linkedin.com/in/shahbaz-hameed/,https://www.linkedin.com/in/shahbaz-hameed/
Industrialist - Government,117,Sheikh Muhammad Idrees,Designation,Controller International Relations,https://www.linkedin.com/in/muhammad-idrees-idrees-1518b1144/
Industrialist - Government,117,Sheikh Muhammad Idrees,LinkedIn Profile,https://www.linkedin.com/in/muhammad-idrees-idrees-1518b1144/,https://www.linkedin.com/in/muhammad-idrees-idrees-1518b1144/
Industrialist - Government,118,Sonia Saleem,LinkedIn Profile,https://www.linkedin.com/in/iamsoniasaleemofficial/,https://ae.linkedin.com/in/iamsoniasaleemofficial
Industrialist - Government,119,Sulman Hassan,LinkedIn Profile,https://www.linkedin.com/in/sulman-hassan/,https://www.linkedin.com/in/sulman-hassan/
Entrepreneur - Founder,5,Adil Hussain Mughal,LinkedIn Profile,https://www.linkedin.com/in/adilhussainmughal/,https://www.linkedin.com/in/adilhussainmughal/
Entrepreneur - Founder,6,Adnan Lawai,LinkedIn Profile,https://www.linkedin.com/in/adnanlawai/,https://www.linkedin.com/in/adnanlawai/
Entrepreneur - Founder,29,Ammar Jaffri,City,Islamabad,https://www.dawn.com/news/1957052
Entrepreneur - Founder,29,Ammar Jaffri,LinkedIn Profile,https://www.linkedin.com/in/ammar-jaffri-3510217/,https://www.linkedin.com/in/ammar-jaffri-3510217/
Entrepreneur - Founder,53,Bilal Asif,City,Islamabad,https://www.facebook.com/bilal.asif435/
Entrepreneur - Founder,81,Haris Ramzan,City,Islamabad,https://rocketreach.co/octathorn-technologies-profile_b79b2c32c54e7635
Entrepreneur - Founder,82,Haroon Mushtaq,City,Islamabad,https://www.zoominfo.com/p/Haroon-Mushtaq/1956369721
Entrepreneur - Founder,83,Haseeb Kodvavi,City,Karachi,https://rocketreach.co/haseeb-kodvavi-email_139767949
Entrepreneur - Founder,105,Kash Rehman,Gender,Male,https://www.success.ai/profile/kash-rehman-474945989569
Entrepreneur - Founder,108,Khushnood Aftab,City,Lahore,https://www.lookup.pk/company/111028-Viper-Technology-Pvt-Limited-HP-Authorized-Resellers
Entrepreneur - Founder,126,Mahir Mohsin Sheikh,LinkedIn Profile,https://www.linkedin.com/in/mahir-mohsin-sheikh/,https://www.linkedin.com/in/mahir-mohsin-sheikh/
Entrepreneur - Founder,126,Mahir Mohsin Sheikh,City,Islamabad,https://tracxn.com/d/companies/cydeatech/__XrxNd8KRWEapwAOFRxIgpE6HtthcUzbw8f5i4R2e4WQ
Entrepreneur - Founder,127,Mahlaqa Shaukat,LinkedIn Profile,https://www.linkedin.com/in/mahlaqa-shaukat-13b7093a/,https://www.linkedin.com/in/mahlaqa-shaukat-13b7093a/
Entrepreneur - Founder,129,Malik Usman Sajjid,LinkedIn Profile,https://www.linkedin.com/in/malik-usman-sajid-2b8838b6/,https://www.linkedin.com/in/malik-usman-sajid-2b8838b6/
Entrepreneur - Founder,129,Malik Usman Sajjid,Designation,CEO,https://www.linkedin.com/in/malik-usman-sajid-2b8838b6/
Entrepreneur - Founder,129,Malik Usman Sajjid,City,Rawalpindi,https://www.linkedin.com/in/malik-usman-sajid-2b8838b6/
Entrepreneur - Founder,133,Mian Imran Ali Shah,LinkedIn Profile,https://www.linkedin.com/in/mian-imran-shah-4b908a195/,https://www.linkedin.com/in/mian-imran-shah-4b908a195/
Entrepreneur - Founder,135,Dr. Moazam Maqsood,LinkedIn Profile,https://www.linkedin.com/in/moazam-maqsood-38a05032/,https://www.linkedin.com/in/moazam-maqsood-38a05032/
Entrepreneur - Founder,136,Mohsin Ali,LinkedIn Profile,https://www.linkedin.com/in/mohhsin/,https://www.linkedin.com/in/mohhsin/
Entrepreneur - Founder,148,Muhammad Irshad Kanwal,LinkedIn Profile,https://www.linkedin.com/in/irshad-malik-ceoatallzonetech/,https://www.linkedin.com/in/irshad-malik-ceoatallzonetech/
Entrepreneur - Founder,149,Muhammad Ismail,City,Islamabad,https://www.linkedin.com/in/ismailblogger/
Entrepreneur - Founder,150,Muhammad Jahangir Ahmad,City,Peshawar,https://aurora.dawn.com/news/1143318
Entrepreneur - Founder,151,Muhammad Khalid,LinkedIn Profile,https://www.linkedin.com/in/muhammadkhalid13/,https://www.linkedin.com/in/muhammadkhalid13/
Entrepreneur - Founder,155,Muhammad Saad,City,Lahore,https://www.crunchbase.com/organization/bridgelinx
Entrepreneur - Founder,173,Naeem Zamindar,LinkedIn Profile,https://www.linkedin.com/in/naeem-zamindar-62b486/,https://www.linkedin.com/in/naeem-zamindar-62b486/
Entrepreneur - Founder,173,Naeem Zamindar,City,Karachi,https://tracxn.com/d/companies/neem/__pwIIHh8MTXLqM_q_dDz95sOBIJvd6WUGZGol3vAej44
Entrepreneur - Founder,174,Najam H. Mian,LinkedIn Profile,https://www.linkedin.com/in/najam-mian-28a98616/,https://www.linkedin.com/in/najam-mian-28a98616/
Entrepreneur - Founder,174,Najam H. Mian,City,Lahore,https://www.linkedin.com/in/najam-mian-28a98616/
Entrepreneur - Founder,175,Dr. Najam Siraj,LinkedIn Profile,https://www.linkedin.com/in/malik-siraj-322641266/,https://www.linkedin.com/in/malik-siraj-322641266/
Entrepreneur - Founder,175,Dr. Najam Siraj,City,Islamabad,https://www.linkedin.com/in/malik-siraj-322641266/
Entrepreneur - Founder,176,Nasir Khan,City,"London, United Kingdom",https://uk.linkedin.com/in/drnasirkhan
Entrepreneur - Founder,179,Naureen Ghaffar,City,Rawalpindi,https://www.youtube.com/watch?v=G2yVRWf8ejk
Entrepreneur - Founder,199,Saad Gadit,LinkedIn Profile,https://www.linkedin.com/in/saad-gadit/,https://pk.linkedin.com/posts/saad-gadit_savyour-darazpakistan-activity-6731219441121558528-RA_5
Entrepreneur - Founder,205,Sajjad Mir,LinkedIn Profile,https://www.linkedin.com/in/hastest/,https://www.linkedin.com/in/hastest/
Entrepreneur - Founder,206,Dr. Saleem Akhtar,City,Rawalpindi,https://www.stza.gov.pk/licenses/dyntek-engineering-pvt-ltd/
Entrepreneur - Founder,223,Shabbir Hussain,City,Islamabad,https://softcommunications.pk/
Entrepreneur - Founder,226,Shahzad Umer,City,Rawalpindi,https://www.zoominfo.com/p/Shahzad-Umer/1756753982
Entrepreneur - Founder,234,Shehroze Bhatti,City,"London, United Kingdom",https://find-and-update.company-information.service.gov.uk/officers/7EDuiBQVICBQXMs0zzldryOy9XI/appointments
Entrepreneur - Founder,235,Shehzad Gul,LinkedIn Profile,https://www.linkedin.com/in/shahzad-gul-13583444/,https://www.linkedin.com/in/shahzad-gul-13583444/
Entrepreneur - Founder,235,Shehzad Gul,City,Islamabad,https://www.zoominfo.com/c/solochoicez-pvt-ltd/480149950
Entrepreneur - Founder,240,Sohail Ayub,LinkedIn Profile,https://www.linkedin.com/in/sohail-ayub-01794915a/,https://www.linkedin.com/in/sohail-ayub-01794915a/
Entrepreneur - Founder,246,Syed Basit Hussain Bukhari,LinkedIn Profile,https://www.linkedin.com/in/sybukhari/,"LinkedIn search result: Syed Basit Bukhari - DataDistinct Solutions, Islamabad"
Entrepreneur - Founder,246,Syed Basit Hussain Bukhari,City,Islamabad,linkedin.com/in/sybukhari
Entrepreneur - Founder,256,Talha Masood,LinkedIn Profile,https://www.linkedin.com/in/talha-masood-a347a069/,LinkedIn posts by talha-masood-a347a069 re Remotebase hirefest
Entrepreneur - Founder,273,Yasir Suleman Memon,LinkedIn Profile,https://www.linkedin.com/in/yasirsmemon/,LinkedIn: Yasir Suleman Memon - Salesflo
Entrepreneur - Founder,278,Zahra Nooreen,LinkedIn Profile,https://www.linkedin.com/in/zahra-nooreen/,LinkedIn: Zahra Nooreen - shedev.pk
Entrepreneur - Founder,258,Tayyab Mir,LinkedIn Profile,https://www.linkedin.com/in/mtayyabmir/,LinkedIn: Muhammad Tayyab Mir - Co-Founder at Jugrafiya
Entrepreneur - Founder,258,Tayyab Mir,City,Rawalpindi,linkedin.com/in/mtayyabmir location
Entrepreneur - Founder,259,Umair Aslam,LinkedIn Profile,https://www.linkedin.com/in/umairsandhu/,LinkedIn: Umair Aslam - Markaz Technologies (YC W22)
Incubator - Accelerator,12,Ali Shah,LinkedIn Profile,https://www.linkedin.com/in/alishahsabcon/,LinkedIn Ali Shah - SABCON; COLABS co-founder per Dawn/TechCrunch
Incubator - Accelerator,14,Amer Saeed Sheikh,LinkedIn Profile,https://www.linkedin.com/in/amerssheikh/,LinkedIn: Engineer Amer Sheikh - NUST (returned for NSTP queries)
Incubator - Accelerator,30,Mahrukh Qadeer,LinkedIn Profile,https://www.linkedin.com/in/mahrukh-qadeer/,"LinkedIn: Mahrukh Q. (mahrukh-qadeer), posts on #CoWired women entrepreneurs"
Investor,15,Misbah Naqvi,LinkedIn Profile,https://www.linkedin.com/in/misbahnaqvi/,LinkedIn: Misbah Naqvi - Pakistan; Co-Founder/GP i2i Ventures
Investor,16,Naush Malik,LinkedIn Profile,https://www.linkedin.com/in/naushmalik/,LinkedIn naushmalik: post on establishing Credit Strategies at Chimera
Investor,32,Zeeshan Sheikh,LinkedIn Profile,https://www.linkedin.com/in/zeeshan-sheikh-3b21b64/,"LinkedIn: Zeeshan Sheikh, 15 yrs IFC incl. Country Manager Pakistan & Afghanistan"
Investor,33,Zouhair Abdul Khaliq,City,"Dubai, United Arab Emirates","ae.linkedin.com/in/zouhairkhaliq; Teamup Ventures Ltd, DIFC Dubai"
Incubator - Accelerator,26,M. Amin Qureshi,LinkedIn Profile,https://www.linkedin.com/in/m-amin-qureshi/,LinkedIn: M.AMIN QURESHI - GIKI; director The Catalyst GIK Incubator
Entrepreneur - Founder,140,Muhammad Ahsan Tanveer,LinkedIn Profile,https://www.linkedin.com/in/muhammad-ahsan-tanveer/,LinkedIn: Muhammad Ahsan Tanveer - BridgeLinx Technologies
Entrepreneur - Founder,163,Muhammed Bukhari,LinkedIn Profile,https://www.linkedin.com/in/muhammed-bukhari-fcma/,LinkedIn: Muhammed Bukhari - Farmdar
Entrepreneur - Founder,192,Qasim Asad Salam,LinkedIn Profile,https://www.linkedin.com/in/qasimsalam/,"LinkedIn qasimsalam: Co-Founder & CEO Remotebase, SF Bay Area, LUMS"
Entrepreneur - Founder,32,Anoosha Shaigan,LinkedIn Profile,https://www.linkedin.com/in/anooshay/,"LinkedIn: Anoosha Shaigan - High Court of Lahore (lawyer, Lahore Legal Hackers)"
Entrepreneur - Founder,189,Osama Janjua,LinkedIn Profile,https://www.linkedin.com/in/osama-janjua-14b01811a/,"LinkedIn: Osama Janjua - MedIQ Smart Healthcare, Chief Growth Officer"
Entrepreneur - Founder,218,Samia Razak,LinkedIn Profile,https://www.linkedin.com/in/samia-razak-90183a/,"uk.linkedin.com/in/samia-razak-90183a - Code Kids Robotics, London"
Mentors - Prof. Speaker,114,Dr. Naveed Ejaz,LinkedIn Profile,https://www.linkedin.com/in/naveed-ejaz/,"LinkedIn naveed-ejaz: Head of CS Dept, Iqra University Islamabad 2018-2023"
Mentors - Prof. Speaker,58,Dr. Imran Ahmed Siddiqi,LinkedIn Profile,https://www.linkedin.com/in/imransiddiqi/,"LinkedIn imransiddiqi: Computer Scientist (ML), Bahria University performance awards 2013-2021"
Entrepreneur - Founder,267,Wahab Yunus,City,Lahore,"pnytrainings.com/about-us (founded PNY in Lahore, HQ Arfa Tower Lahore); LinkedIn wahabyunus - Rotary Club of Lahore City"
Entrepreneur - Founder,287,Zunaira Omar,City,Islamabad,"linkedin.com/in/zunaira-omar (based in Islamabad, Founder CMOontheGO)"
Entrepreneur - Founder,274,Yazerial Javaid,LinkedIn Profile,https://www.linkedin.com/in/yazerail-j-a25596211/,LinkedIn: Yazerail J. - CEO and Lead Researcher at Spacedome
Entrepreneur - Founder,285,Zubair Ayaz Asim,City,Lahore,"Crunchbase/Tracxn: Zamindar Technologies founded by Zubair Ayaz Asim, based in Lahore"
Incubator - Accelerator,59,Urooj Zia,City,Karachi,Crunchbase: Startup Syndicate (co-founded by Urooj Zia) located in Karachi; formerly NIC Karachi
Investor,22,Rohma Labeeb,City,"Riyadh, Saudi Arabia","linkedin.com/in/rohmalabeeb: Director, Margalla Solutions, based in Riyadh"
Entrepreneur - Founder,119,M. Nash,Gender,Male,"Misaal podcast ep.49 ""Mohammad Nasrullah (Integry)"" podtail.com/podcast/misaal/49-mohammad-nasrullah-integry/"
Entrepreneur - Founder,138,Mohsin Termezy,City,"Doha, Qatar","linkedin.com/in/termezy (based in Doha, Qatar)"
Industrialist - Government,53,Hassaan Pasha,City,Islamabad,"linkedin.com/in/hassaan-pasha (CTO Teamo, located in Islamabad)"
