Tab,Row (v12),Full Name (v11),Field,Old value,New value,Reason / Source
Entrepreneur - Founder,121,M. Saad Soban,Designation,CEO,Co-Founder & COO,"FutureCue's About Us page (https://future-cue.com/about-us/) describes Saad Soban (BE Electrical NUST, MBA IBA Karachi) as heading the company's operations, and names AVM (R) Soban Nazir Syed as President & CEO; ZoomInfo also lists Saad Soban as COO/Co-Founder and Soban Syed as CEO of FutureCue Pvt Ltd. Read via search results (future-cue.com blocks direct access here). Kept the person and contact details; title fixed and the actual CEO added as a new row (same rule as v10)."
Entrepreneur - Founder,122,AVM (R) Soban Nazir Syed,New row,,Full Name: AVM (R) Soban Nazir Syed; Designation: President & CEO; Department: Futurecue; Gender: Male,"President & CEO of FutureCue per its About Us page (https://future-cue.com/about-us/) and ZoomInfo (https://www.zoominfo.com/p/Soban-Syed/10754343932); retired PAF Air Vice Marshal, former MD of the Avionics Production Factory, PAC Kamra."
Mentors - Prof. Speaker,8,Dr. Abdul Waheed,-,,,"Not changed, needs a manual check: IST's Avionics 'Message from HoD' page (https://www.ist.edu.pk/ave-message-hod, seen in search results) names Dr Abdul Waheed as HoD, while the BS Avionics page used in v11 names Dr. Israr Hussain (row 9). ist.edu.pk cannot be opened here to see which page is current, so v11's version is kept."
Mentors - Prof. Speaker,95,Muhammad Muzammal,Designation,"HOD, Computer Science","Assistant Professor, Computer Science","Now at Northumbria University, UK. Northumbria staff page (https://www.northumbria.ac.uk/about-us/our-staff/m/muhammad-muzammal/), Northumbria research portal (https://researchportal.northumbria.ac.uk/en/persons/muhammad-muzammal/) and IEEE author bio (https://ieeexplore.ieee.org/author/37085715078: assistant professor, School of Computer Science, Northumbria; PhD Leicester) match the Bahria bio (PhD Leicester, decentralised systems). Bahria pages that still call him HoD are out of date. Moved like the v10 Jafri and v11 Afzal fixes; Bahria contacts removed. Pages read via search results (both sites block direct access here)."
Mentors - Prof. Speaker,95,Muhammad Muzammal,Department,Bahria University Islamabad,Northumbria University,See Designation row for this person.
Mentors - Prof. Speaker,95,Muhammad Muzammal,Email,mmuzammal.buic@bahria.edu.pk,,Bahria campus email removed: he has left Bahria (see Designation row).
Mentors - Prof. Speaker,95,Muhammad Muzammal,Contact No.,+92 51 9260002 Ext. 1341,,Bahria office extension removed: he has left Bahria (see Designation row).
Mentors - Prof. Speaker,95,Muhammad Muzammal,City,Islamabad,"Newcastle upon Tyne, United Kingdom",Northumbria University's main campus is in Newcastle upon Tyne; his staff page does not name a campus.
Mentors - Prof. Speaker,95,Muhammad Muzammal,LinkedIn Profile,,https://www.linkedin.com/in/mm386/,"Search result titled 'Muhammad Muzammal - Northumbria University' (linkedin.com/in/mm386), same name and current employer."
Mentors - Prof. Speaker,96,Dr. Muhammad Khurram Ehsan,New row,,"Full Name: Dr. Muhammad Khurram Ehsan; Designation: HOD, Computer Science; Department: Bahria University Islamabad (E-8 Campus); Gender: Male; City: Islamabad","Bahria's Computer Science (E-8 Campus) page (https://www.bahria.edu.pk/page/PageTemplate4?pageContentId=4687&WebsiteID=2) and the BUIC CS faculty list (https://archive.bahria.edu.pk/buic/cs/index.php/faculty) name Dr. Muhammad Khurram Ehsan (PhD Kassel) as Head of Department, Computer Science; bios refer to him as 'he'. Added as the current role holder after Muzammal moved. Read via search results (bahria.edu.pk blocks direct access here)."
Mentors - Prof. Speaker,97,Dr. Muhammad Nadeem,Designation,"Assistant Professor, Computer Science","Assistant Professor & Chairperson, Computer Science","IIUI 'Department Level Positions' page (https://iiu.edu.pk/?p=1825, already the row's link) lists Dr. Muhammad Nadeem as Assistant Professor and Chairperson, Department of Computer Science, with the row's phone 051-9019519. Read via search results (iiu.edu.pk blocks direct access here)."
Mentors - Prof. Speaker,146,Dr. Sher Akbar,-,,,"Not changed: the COMSATS faculty-page lead (http://ww2.comsats.edu.pk/faculty/FacultyDetails.aspx?Uid=4259) cannot be opened here, and three searches found no other page tying Sher Akbar to COMSATS Management Sciences (results were a QAU statistics graduate and Dr. Noreen Sher Akbar of NUST, both different people). Lead still unverified."
