Tab,Row (v12),Full Name,Blank fields searched,Filled,Not found,Unverified lead (NOT added - check manually),Possible row issue (not changed),Queries tried
Entrepreneur - Founder,4,Adeel Rasheed,LinkedIn Profile,,LinkedIn Profile,,,"""Adeel Rasheed"" SnappRetail co-founder CEO | ""Adeel Rasheed"" SnappRetail linkedin Karachi"
Entrepreneur - Founder,5,Adil Hussain Mughal,City,,City,,,"""Adil Hussain Mughal"" OmniSoftex CEO | OmniSoftex (Pvt) Ltd Pakistan software company office address CEO Adil Mughal"
Entrepreneur - Founder,7,Adnan Sarfaraz,City,,City,,,"""Adnan Sarfaraz"" ""AI Genics"" CEO | ""AI Genics"" Pakistan aigenics.ai Adnan Sarfaraz Islamabad OR Lahore OR Karachi"
Entrepreneur - Founder,8,Dr. Adnan Tariq,City,City: Islamabad,,,,"""Adnan Tariq"" Funavry Technologies CEO | ""Funavry Technologies"" Adnan Tariq CEO Islamabad"
Entrepreneur - Founder,9,Afshan Khan,City,City: Peshawar,,,,"""Afshan Khan"" ""Fast Move Packages"" founder"
Entrepreneur - Founder,11,Ahmed Javed Vaseer,City,,City,"AppsGenii (where the row says he is COO) is headquartered in Lahore per https://craft.co/appsgenii, but no source names Ahmed Javed Vaseer, so not accepted.",,"""Ahmed Javed Vaseer"" Ingenious Concepts | ""Ahmed Vaseer"" AppsGenii OR ""Ingenious Concepts"" P@SHA"
Entrepreneur - Founder,12,Ahmed Umar,"City, LinkedIn Profile",,"City, LinkedIn Profile",,,"""Ahmed Umar"" Ensid.IO CEO | Ensid.io Pakistan startup CEO Ahmed Umar"
Entrepreneur - Founder,13,Ahsan Iftikhar,LinkedIn Profile,,LinkedIn Profile,,,"""Ahsan Iftikhar"" Pluto NICAT founder | ""Ahsan Iftikhar"" NICAT Rawalpindi startup"
Entrepreneur - Founder,15,Aiman Khan,City,City: Islamabad,,,,"""Aiman Khan"" ""SLOSH AI"" CEO founder | ""SLOSH AI"" startup Pakistan Aiman Khan"
Entrepreneur - Founder,16,Air Cdre (R) Asim Anwer,"City, LinkedIn Profile",,"City, LinkedIn Profile",,,"""Asim Anwer"" ""Priority Flight Support"" Air Commodore CEO | ""Priority Flight Support"" Pakistan aviation ground handling freight Air Cdre Asim Anwer"
Entrepreneur - Founder,17,Air Cdre (R) Khalid Mahmood,City,,City,,,"""Khalid Mahmood"" ""Air Eagle"" aerospace Air Commodore CEO Pakistan"
Entrepreneur - Founder,18,Ali Akhtar,"City, LinkedIn Profile",,"City, LinkedIn Profile",,,"""Ali Akhtar"" ""DynaSys Networks"" CEO"
Entrepreneur - Founder,20,Ali Pirzada,City,,City,,,"""Ali Pirzada"" TalentBase.AI founder | ""TalentBase.AI"" Pakistan founder Ali Pirzada"
Entrepreneur - Founder,21,Ali Saleh Aziz Shah,City,City: Islamabad,,,,"""Ali Saleh Aziz Shah"" InfinityBits co-founder COO | InfinityBits software company Pakistan Ali Shah co-founder Islamabad OR Lahore OR Karachi"
Entrepreneur - Founder,22,Altaf Qureshi,"City, LinkedIn Profile",,"City, LinkedIn Profile",,,"""Altaf Qureshi"" Paksign Wukla CEO co-founder | ""Wukla"" ""Paksign"" Pakistan"
Entrepreneur - Founder,23,Amber Zaheer,"Designation, City, LinkedIn Profile",,"Designation, City, LinkedIn Profile",,,"""Amber Zaheer"" ""Elevate Brains"" | ""Elevate Brains"" Pakistan Amber Zaheer"
Entrepreneur - Founder,24,Amer Pasha,City,,City,Search summary (https://yespress.io/azharhussainnet.md) lists Azhar Hussain as CTO of Aladdin Informatics (digitising small retail stores in Pakistan) but no source mentions Amer Pasha or the company's city.,,"""Amer Pasha"" ""Aladdin Informatics"" founder | ""Aladdin Informatics"" Pakistan Amer Pasha Lahore OR Karachi OR Islamabad"
Entrepreneur - Founder,26,Amina,"Designation, City, LinkedIn Profile",,"Designation, City, LinkedIn Profile",,,"""Siber Koza"" Amina founder | ""Siber Koza"""
Entrepreneur - Founder,27,Amir Zahoor,"City, LinkedIn Profile",,"City, LinkedIn Profile",,,"""Amir Zahoor"" ""Auto Track International"" CEO | ""Auto Track International"" Pakistan Amir Zahoor"
Entrepreneur - Founder,28,Ammar Ghory,"City, LinkedIn Profile",,"City, LinkedIn Profile",,,"""Ammar Ghory"" Fennix CEO | Fennix ""Business 2 Business Solution"" Pakistan Ammar Ghory"
Entrepreneur - Founder,36,Areeb Khan,"Gender, City",,"Gender, City",,,"""Areeb Khan"" ""Areeb Innovations"" CEO | ""Areeb Innovations"" Pakistan Areeb Khan"
Entrepreneur - Founder,38,Arshad Ali,City,,City,"https://propakistani.pk/2024/01/09/z2c-limited-to-scale-back-bsecure-amid-ott-push/amp/ - says bSecure (Z2C Limited) appointed Khushhali Microfinance Bank's Arshad Ali as CEO (ties the person to the role), but no city for bSecure/the person was seen in the results.",,"""Arshad Ali"" bSecure CEO Karachi | bSecure Pakistan e-commerce checkout ""Arshad Ali"" CEO founder"
Entrepreneur - Founder,39,Asad Hashamali,City,,City,,,"""Asad Hashamali"" ""Alt Academy"" | Hashamali ""Alt Academy"" Pakistan co-founder COO"
Entrepreneur - Founder,41,Ashar Bazeb Saeed,City,,City,https://pk.linkedin.com/in/asharbazeb - LinkedIn result ties Ashar Bazeb Saeed to KytherTek/AIoT systems (same link already in row) but shows no location.,,"""Ashar Bazeb"" Kythertek | Kythertek Pakistan AIoT energy company Ashar Bazeb Saeed"
Entrepreneur - Founder,45,Ayesha Chaudhry,City,,City,,,"""Ayesha Chaudhry"" 10xEngineers co-founder | 10xEngineers headquarters Islamabad Pakistan Ayesha Chaudhry Kamran Malik founders"
Entrepreneur - Founder,46,Ayesha Nasir,City,,City,Search summaries say Scaryammi was recognised by Governor House Punjab (suggesting Lahore) but no page seen states her or the company's city.,,"""Ayesha Nasir"" Scaryammi founder | Scaryammi Ayesha Nasir Lahore OR Karachi OR Islamabad digital mothering community"
Entrepreneur - Founder,47,Ayesha Raza,City,,City,,,"""Ayesha Raza"" ""Rain Catalysts"" | ""Rain Catalysts"" Pakistan raincatalysts.org Ayesha Raza Lahore OR Karachi OR Islamabad"
Entrepreneur - Founder,50,Bilal Ahmed,"Designation, City, LinkedIn Profile",,"Designation, City, LinkedIn Profile",,,"""Infigo Solutions"" ""Qurban Ali"" CEO ""Bilal Ahmed"""
Entrepreneur - Founder,51,Qurban Ali,"Gender, City, LinkedIn Profile",,"Gender, City, LinkedIn Profile","https://pk.linkedin.com/in/qurbanali - result 'Qurban Ali' described (search summary) as from Islamabad, Founder & CTO (AI solutions, SaaS, MVP development, offshore development); no mention of Infigo Solutions or CEO role, so identity not verified.",,"""Infigo Solutions"" ""Qurban Ali"" CEO ""Bilal Ahmed"" | ""Infigo Solutions"" Pakistan IT company CEO Qurban Ali"
Entrepreneur - Founder,54,Bilal Farooq,City,,City,"https://pk.linkedin.com/in/beekaypk - 'Bilal Farooq Khan' marketing strategist linked to Innovate X and the KP (Khyber Pakhtunkhwa) startup ecosystem, but no explicit current city shown (same LinkedIn already in row).",,"""Bilal Farooq"" ""37th Communications"" OR ""37th Productions"" OR ""Innovate X"" founder | ""Innovate X"" Bilal Farooq Khan Peshawar Khyber Pakhtunkhwa startup"
Entrepreneur - Founder,55,Bushra Latif,City,,City,"Search summary (sources among https://thefridaytimes.com/30-Dec-2022/bushra-latif-is-changing-the-parenting-game and https://nicpeshawar.pk/nani-pk/, both blocked for fetch) said Nani.pk operated out of COLABS, Gulberg, Lahore (2022-23) while founder is from Dera Ismail Khan and was incubated at NIC Peshawar; could not confirm which page says it or that it is current, so City not accepted.",,"""Bushra Latif"" Nani.pk founder CEO | Nani.pk startup mothers Bushra Latif Lahore OR Karachi OR Islamabad based"
Entrepreneur - Founder,56,Ch. Amanullah Khurshid,"City, LinkedIn Profile",,"City, LinkedIn Profile",,,"""Amanullah Khurshid"" ""Task MRO"" CEO | ""Task MRO"" aerospace Pakistan Ch. Amanullah Khurshid"
Entrepreneur - Founder,57,Ch. Asad Ullah Khan,"City, LinkedIn Profile",,"City, LinkedIn Profile",,,"""Asad Ullah Khan"" ""iLink Systems"" CEO | iLink Systems Solutions Pakistan Ch. Asad Ullah Khan CEO Islamabad OR Lahore OR Karachi"
Entrepreneur - Founder,58,Ch. Muhammad Farooq,"City, LinkedIn Profile",,"City, LinkedIn Profile",,,"""Muhammad Farooq"" ""ITC Communications"" CEO Pakistan | pakitc.com ITC Communications Pakistan Ch. Muhammad Farooq"
Entrepreneur - Founder,59,Cherry Dai,"Gender, City, LinkedIn Profile",,"Gender, City, LinkedIn Profile",,,"""Cherry Dai"" ""Dalien International"" CEO | Dalien International hkdali.com Cherry Dai"
Entrepreneur - Founder,63,Engr. Shahab Hadi,"City, LinkedIn Profile",,"City, LinkedIn Profile",,,"""Shahab Hadi"" BeOner CEO founder | BeOner Pakistan startup Shahab Hadi"
Entrepreneur - Founder,64,Faheem Shafi,City,,City,,,"""Faheem Shafi"" ""Global 24"" CEO | global24.world Faheem Shafi Global 24 headquarters"
Entrepreneur - Founder,66,Faiser Shabbir,City,,City,,,"""Faiser Shabbir"" ""Vantage Soft"" CEO | WebFetch vantage-soft.com/AboutUs.aspx (blocked by egress proxy)"
Entrepreneur - Founder,67,Fakhar Javed,City,,City,https://codecanyon.net/user/InfusibleCoderPvtLtd - Infusible Coder Pvt Ltd exists on CodeCanyon but no page gives a city or names Fakhar Javed; a same-name Fakhar Javed (Clover Infotech founder) appeared but is tied to a different org.,,"""Fakhar Javed"" ""Infusible Coder"" co-founder | ""Infusible Coder"" Pakistan software house"
Entrepreneur - Founder,69,Farhan Ijaz,City,City: Islamabad,,,,"""Farhan Ijaz"" InfinityBits CEO | InfinityBits Pakistan software company Farhan Ijaz Lahore OR Islamabad OR Karachi OR Faisalabad | InfinityBits headquarters Islamabad (verify, clutch/themanifest only)"
Entrepreneur - Founder,70,Farhan Younas,"City, LinkedIn Profile",,"City, LinkedIn Profile",,,"""Farhan Younas"" ""Trade Dynamics"" co-founder | ""Trade Dynamics"" Pakistan ""Farhan Younas"""
Entrepreneur - Founder,71,Farooq,"City, LinkedIn Profile",,"City, LinkedIn Profile",,"Name is a single first name only (""Farooq""), which makes the person hard to identify; no web source ties a Farooq to Datels International.","Datels International Farooq CEO | Datels International datels.com Pakistan | ""Datels"" Farooq Islamabad OR Rawalpindi OR Lahore OR Karachi | (WebFetch datels.com blocked)"
Entrepreneur - Founder,72,Fasih Sumar,"City, LinkedIn Profile",,"City, LinkedIn Profile",,,"""Fasih Sumar"" ALAF Digital | ""ALAF Digital"" Pakistan | Fasih Sumar co-founder | ""Fasih Sumar"""
Entrepreneur - Founder,73,Fatima Zaka,City,City: Lahore,,,,"""Fatima Zaka"" Farmette founder | ""The Farmette"" Fatima Zaka Lahore"
Entrepreneur - Founder,74,Fawad Hussain,City,City: Islamabad,,,Sources list Fawad Hussain as a Co-Founder of Markaz Technologies (YC W22); none seen confirm the CTO title.,"""Fawad Hussain"" Markaz Technologies CTO | Markaz Technologies YC W22 headquarters Pakistan founders | Markaz Technologies Islamabad reselling marketplace (tracxn/crunchbase)"
Entrepreneur - Founder,75,Grp Capt (R) Dr. Raja Ishtiaq Ahmad,"City, LinkedIn Profile",,"City, LinkedIn Profile",,,"""Raja Ishtiaq Ahmad"" Technospot | Technospot Rawalpindi Group Captain Ishtiaq training | ""Technospot"" Pakistan training institute CEO ""Ishtiaq"""
Entrepreneur - Founder,76,Hafiz Yunus,"City, LinkedIn Profile",,"City, LinkedIn Profile","https://www.jobz.pk/company/xad-technologies-pvt/ - XAD Technologies is headquartered in Dubai (UAE) with offices in Saudi Arabia and a Pakistan office in Rawalpindi; org is multi-city and no source ties Hafiz Yunus to a specific office, so City not filled.",,"""Hafiz Yunus"" XAD Technologies CEO | XAD Technologies xadtech.com Hafiz Muhammad Yunus | ""XAD Technologies"" Pakistan | ""Yunus"" ""XAD Technologies"" CEO OR founder OR chairman"
Entrepreneur - Founder,77,Haider,"City, LinkedIn Profile",,"City, LinkedIn Profile",,"Name is a single first name only (""Haider""); no web source found for Sufi Sons (sufisons.com.pk) or its CEO.","""Sufi Sons"" networks communication Haider CEO | ""Sufi Sons"" sufisons.com.pk | ""Sufi Sons"" Pvt Ltd networking telecom Rawalpindi OR Islamabad OR Lahore"
Entrepreneur - Founder,84,Hassaan Ul Haq,"City, LinkedIn Profile",,"City, LinkedIn Profile",,"Organisation ""SDC"" is an unexpanded acronym, making the row hard to verify.","""Hassaan Ul Haq"" co-founder COO | ""Hassaan ul Haq"" Pakistan | ""Hassan ul Haq"" OR ""Hassaan Ul Haq"" SDC co-founder COO startup"
Entrepreneur - Founder,86,Huma Khan,"City, LinkedIn Profile",,"City, LinkedIn Profile",,,"""Huma Khan"" BookMySpot founder | ""BookMySpot"" Pakistan startup Huma"
Entrepreneur - Founder,88,Ibrahim Bokhari,City,City: Lahore,,"Note: Crunchbase (https://www.crunchbase.com/organization/farmdar) reportedly lists Farmdar's HQ as Karachi, conflicting with Tracxn/CB Insights (Lahore).",,"""Ibrahim Bokhari"" Farmdar co-founder | Farmdar startup Pakistan headquarters Lahore co-founders (tracxn/crunchbase/cbinsights) | Farmdar Lahore-based agritech startup raises | ""Ibrahim Bokhari"" Farmdar"
Entrepreneur - Founder,90,Ijaz Ahmed,"City, LinkedIn Profile",,"City, LinkedIn Profile",,,"""Ijaz Ahmed"" ""Camber Technologies"" | Camber Technologies cambertech.com Pakistan defence sourcing | ""Camber Technologies"" Pakistan Rawalpindi OR Islamabad OR Lahore OR Karachi"
Entrepreneur - Founder,91,Illum Khan,"Designation, Gender, City",Designation: COO; City: Islamabad,Gender,"Gender: search-result summaries refer to Illum Khan as ""he"" (propakistani.pk 2025/05/08 article), but the pronoun could not be confirmed in the page text itself (page fetch blocked).",,"""Illum Khan"" Evamp Saanga | ""Evamp & Saanga"" founder CEO Lahore | ""Illum Khan"" COO | Evamp & Saanga Illum Khan (linkedin) | ""Illum Khan"" Evamp Saanga CEO OR COO OR director (extended) | Illum Khan Chairman Strategic Council Evamp Saanga (nicpeshawar/propakistani) | ""Mr. Illum Khan"""
Entrepreneur - Founder,92,Imran Ali Khan,City,,City,https://www.startupgrind.com/events/details/startup-grind-islamabad-presents-building-pakistans-first-unicorn-the-story-of-zameencom/ - identifies Imran Ali Khan as CEO & Co-founder of EMPG (Zameen.com) but the event is in Islamabad and no source states his own or EMPG's HQ city.,,"""Imran Ali Khan"" EMPG CEO Pakistan | Imran Ali Khan CEO Emerging Markets Property Group Zameen.com based in Lahore OR Dubai OR Islamabad"
Entrepreneur - Founder,93,Imran Basit,"City, LinkedIn Profile",,"City, LinkedIn Profile",,,"""Imran Basit"" Faylasufics CEO | Faylasufics Pakistan"
Entrepreneur - Founder,94,Imtiaz N. Mohammad,City,,City,"https://ca.linkedin.com/in/inspirex - search-result summary associated him with OrangeFox in Karachi, Pakistan, but a follow-up query could not re-confirm it and the page is egress-blocked, so the location text was not seen directly (the ca. LinkedIn subdomain also hints at Canada).",,"""Imtiaz"" ""OrangeFox"" founder CEO Pakistan | ""Imtiaz N. Mohammad"" OrangeFox Karachi | WebFetch ca.linkedin.com/in/inspirex (blocked)"
Entrepreneur - Founder,95,Iqtidar Haider,"City, LinkedIn Profile",,"City, LinkedIn Profile",,,"""Iqtidar Haider"" ""Mustang Communication"" CEO | Mustang Communication Pakistan Iqtidar Haider"
Entrepreneur - Founder,99,Jalil ur Rahman,"City, LinkedIn Profile",,"City, LinkedIn Profile",,,"""Jalil ur Rahman"" EurekaNet co-founder CEO | EurekaNet Pakistan ISP Jalil ur Rahman"
Entrepreneur - Founder,100,Jamal Nasir,City,City: Karachi,,,"Name on source is 'Jamal Nasir Khan'; sheet has 'Jamal Nasir' (spelling variant, not changed). Org is now Supernet Technologies Limited after merger.","""Jamal Nasir"" Supernet CEO satellite Pakistan | Supernet Limited head office address Jamal Nasir Khan CEO Lahore | Supernet Limited registered office World Trade Center Clifton Karachi (verify, allowed_domains psx/craft/simplywall/zonebourse)"
Entrepreneur - Founder,102,Junaid Iqbal Khan,"City, LinkedIn Profile",,"City, LinkedIn Profile",,"Searches show Kamran Malik as President of Transworld Associates (Pvt) Ltd and no Junaid Iqbal Khan tied to it; a same-name Junaid Iqbal (Salt Ventures, ex-Careem Pay) is at a different org. Row's CEO title for TWA could not be corroborated.","""Junaid Iqbal Khan"" ""Trans World Associates"" CEO | Transworld Associates TWA Pakistan ""Junaid Iqbal Khan"""
Entrepreneur - Founder,106,Khadija Khan,City,,City,,,"""Khadija Khan"" ""Pink Star Academy"" CEO | ""Pink Star Academy"" Pakistan Khadija"
Entrepreneur - Founder,107,Khizar Ahmed,City,,City,,,"""Khizar Ahmed"" HukumJanab.pk CEO | HukumJanab.pk Pakistan startup founder Khizar"
Entrepreneur - Founder,109,Kiran Noor Ulain,City,,City,,,"""Kiran Noor Ulain"" ""FoodSTEAM"" founder | Kiran Noor Ulain food nutrition British Council Pakistan FoodSTEAM"
Entrepreneur - Founder,110,Komail Naqvi,LinkedIn Profile,,LinkedIn Profile,,"GoZayaan (Bangladesh-founded online travel aggregator, founder per search results Ridwan Hafiz; also operates in Pakistan) - no source found tying Komail Naqvi to GoZayaan PK, so the row's role could not be corroborated.","""Komail Naqvi"" GoZayaan founder | GoZayaan (follow-up auto search) | GoZayaan Pakistan Komail Naqvi Karachi director linkedin"
Entrepreneur - Founder,111,M. Abdullah Afzal,LinkedIn Profile,,LinkedIn Profile,,,"""Abdullah Afzal"" TrueEmailer founder | TrueEmailer NICAT Rawalpindi startup founder Abdullah Afzal"
Entrepreneur - Founder,112,M. Abu Bakar bin Muzaffar,"City, LinkedIn Profile",,"City, LinkedIn Profile",,,"""Abu Bakar"" Muzaffar ""Star Com Services"" CEO | Star Com Services starcom.net.pk telecom system integrator Pakistan office address"
Entrepreneur - Founder,113,M. Ahmed Malik,City,,City,https://www.mustakbil.com/companies/company/134087 - directory page 'About Blue Peaks Consulting' (Pakistan-based PMP/PgMP training and consulting firm) surfaced in search; page is egress-blocked and no source ties Ahmad Malik to the firm or gives a city.,,"""Ahmed Malik"" ""Blue Peaks Consulting"" CEO | Blue Peaks Consulting bluepeaksconsulting.com Pakistan office Ahmad Malik PMP | WebFetch mustakbil.com (blocked)"
Entrepreneur - Founder,114,M. Ali Malik,"City, LinkedIn Profile",,"City, LinkedIn Profile",,,"""Ali Malik"" Inovine Director Operations | Inovine inovine.pk company team Ali Malik"
Entrepreneur - Founder,115,M. Azam Mughal,City,,City,,,"""Azam Mughal"" SecureBeans founder CEO | SecureBeans Muhammad Azam Mughal P@SHA CEC member cyber security company"
Entrepreneur - Founder,116,M. Farooq Umar,City,,City,,,"""Farooq Umar"" ""AL Efah Technologies"" CEO | Al Efah Technologies alefahtech.com aviation ground support equipment Pakistan Farooq Umar"
Entrepreneur - Founder,117,M. Hamid,"Designation, City, LinkedIn Profile",City: Rawalpindi,"Designation, LinkedIn Profile",,,"""Backendz"" Software Hardy Chaudry founder CEO | Backendz Rawalpindi software company Hardy Chaudry Hamid team"
Entrepreneur - Founder,118,Hardy Chaudry,"Gender, City, LinkedIn Profile",City: Rawalpindi,"Gender, LinkedIn Profile",,,"""Backendz"" Software Hardy Chaudry founder CEO | Backendz Rawalpindi software company Hardy Chaudry Hamid team"
Entrepreneur - Founder,121,M. Saad Soban,"City, LinkedIn Profile",,"City, LinkedIn Profile",,,"""Saad Soban"" Futurecue CEO | Futurecue future-cue.com Pakistan Saad Soban CEO"
Entrepreneur - Founder,123,M. Taimur Ali,LinkedIn Profile,,LinkedIn Profile,,,"""Taimur Ali"" ""The District"" NICAT founder Rawalpindi | ""The District"" NICAT Rawalpindi startup Taimur"
Entrepreneur - Founder,124,M. Talal Ejaz,LinkedIn Profile,,LinkedIn Profile,,,"""Talal Ejaz"" Croncore founder | Croncore NICAT Rawalpindi startup Talal"
Entrepreneur - Founder,130,Malik Shahzada Sohail Awan,"Designation, City",,"Designation, City",,"Department spelled 'Inflight Xoress' in the sheet; the row's own LinkedIn slug is 'inflightxpress', so it is probably a typo for 'Inflight Xpress' (not changed).","""Shahzada Sohail"" Awan ""Inflight Xpress"" CEO | Inflight Xpress Pakistan catering OR airline OR services Malik Shahzada Awan"
Entrepreneur - Founder,133,Masab Jamal,City,,City,,,"""Masab Jamal"" Brandora founder | Brandora ""Solutions Ahead"" Masab Jamal Pakistan"
Entrepreneur - Founder,134,Mehr Bedaar,"Gender, City, LinkedIn Profile",,"Gender, City, LinkedIn Profile",,,"""Mehr Bedaar"" ""Online Bookshop"" co-founder | ""The Online Bookshop"" Pakistan Mehr Bedaar"
Entrepreneur - Founder,135,Mian Imran Ali Shah,City,,City,,,"""Imran Shah"" ""Softech Business Services"" CEO | Softech Business Services Pakistan Mian Imran Ali Shah"
Entrepreneur - Founder,136,Minhal Arif,"Gender, City, LinkedIn Profile",,"Gender, City, LinkedIn Profile",,,"""Minhal Arif"" ""Digi Graham"" co-founder COO | ""Digi Graham Integrators"" Pakistan"
Entrepreneur - Founder,139,Mohsin Amir,City,,City,"https://www.slideshare.net/mohsinamir100 - a Mohsin Amir profile (computer science student at CIIT, Peshawar, VP Softsociety) surfaced, but nothing ties him to IdeoMetrix, so not accepted.",,"""Mohsin Amir"" IdeoMetrix CEO founder | IdeoMetrix Pakistan Mohsin Amir"
Entrepreneur - Founder,141,Monis Rahman,City,,City,"https://www.cbinsights.com/company/recruit-ai - lists Recruit AI headquarters as San Diego; Wikipedia (https://en.wikipedia.org/wiki/Monis_Rahman) says he was born in Lahore and registered Naseeb Networks in Lahore and San Jose. No source states his current city, and the org is US-based, so not accepted.",,"""Monis Rahman"" Recruit AI co-founder chairman Rozee | Monis Rahman Recruit AI based in Lahore OR Islamabad OR ""San Diego"" Pakistani entrepreneur lives"
Entrepreneur - Founder,142,Muhammad Ahsan Tanveer,City,City: Lahore,,,,"""Ahsan Tanveer"" Bridgelinx co-founder | Bridgelinx Technologies headquarters Lahore digital freight"
Entrepreneur - Founder,143,Muhammad Ali Zaidi,"City, LinkedIn Profile",,"City, LinkedIn Profile","https://www.linkedin.com/in/allizaidi/ - Muhammad Ali Zaidi, Lahore, NUST alumnus; search snippet does not mention NuraLuminance, so not tied to the row's org.",,"""NuraLuminance"" founder | ""Muhammad Ali Zaidi"" NuraLuminance | ""Nura Luminance"" OR ""NuraLuminance"" Pakistan startup Ali Zaidi"
Entrepreneur - Founder,144,Muhammad Azam,"City, LinkedIn Profile",,"City, LinkedIn Profile",,,"""Geomatic Technologies"" geomatic.pk ""Muhammad Azam"" | Geomatic Technologies Pakistan GIS company CEO Azam Islamabad | ""geomatic.pk"""
Entrepreneur - Founder,146,Muhammad Baseer,"City, LinkedIn Profile",,"City, LinkedIn Profile",,,"""M3 Traders"" aerospace Pakistan Baseer | ""Muhammad Baseer"" ""M3 Traders"""
Entrepreneur - Founder,147,Dr. Muhammad Ejaz Siddiqui,City,,City,,,"""Ejaz Siddiqui"" ""Quality Solutions"" Pakistan | qualitysolutions.pk Quality Solutions Tech (Pvt) Ltd address | ""Dr. Muhammad Ejaz Siddiqui"" OR ""Dr Ejaz Siddiqui"" aerospace quality CEO Pakistan | ""Muhammad Ejaz Siddiqui"" linkedin Quality Solutions | ""Quality Solutions Tech"" Pakistan aerospace defence"
Entrepreneur - Founder,150,Muhammad Irshad Kanwal,City,City: Lahore,,,"Sources (The Org, LinkedIn slug irshad-malik-ceoatallzonetech) name the AllZone CEO 'Irshad Malik', not 'Muhammad Irshad Kanwal'; surname may need checking.","""AllZone Technologies"" Pakistan Irshad"
Entrepreneur - Founder,153,Muhammad Khalid,City,City: Lahore,,,,"""Clicky.pk"" Muhammad Khalid CEO co-founder"
Entrepreneur - Founder,156,Muhammad Omer Khan,LinkedIn Profile,,LinkedIn Profile,,"Bits Collision's LinkedIn company page (https://www.linkedin.com/company/bitscollision/) reportedly lists its headquarters in Karachi, while the row's City is Islamabad; worth checking.","""Bits Collision"" Omer Khan CEO | ""Bits Collision"" Islamabad software company | Omer Khan ""Bits Collision"" linkedin founder"
Entrepreneur - Founder,159,Muhammad Saqib,"City, LinkedIn Profile",,"City, LinkedIn Profile",,,"""YS Enterprises"" Pakistan aerospace defence Saqib | ""ysenterprises.com"" OR ""YS Enterprises"" Muhammad Saqib CEO"
Entrepreneur - Founder,160,Muhammad Talha,City,,City,,,"""Deutics Global"" Muhammad Talha co-founder | Deutics software company Pakistan office location deutics.com"
Entrepreneur - Founder,161,Dr. Muhammad Usman,"Designation, City",,"Designation, City",,,"""TechQuest.AI"" OR ""TechQuest AI"" Dr. Muhammad Usman | ""drusmanmuhammad"" OR ""TechQuest"" AI startup Pakistan founder Usman"
Entrepreneur - Founder,162,Muhammad Uzair,City,City: Peshawar,,,,"""Uzair"" Blimp Digital Marketing PR founder Pakistan"
Entrepreneur - Founder,163,Muhammad Waqar,City,,City,,,"""Waqar"" ""Uzair Technology"" CEO uzrtech | ""Uzair Technology"" Pakistan software company Muhammad Waqar"
Entrepreneur - Founder,165,Muhammed Bukhari,City,,City,"https://af.net/ar/directory/muhammed-bukhari/ - identifies Muhammed Bukhari as Co-Founder and CEO of Farmdar, 'based in Pakistan', no city. Org-level sources conflict: Dealroom lists Karachi HQ, PitchBook lists Gulberg 2 Lahore office, CB Insights lists Singapore, so no single city accepted.",,"""Muhammed Bukhari"" Farmdar co-founder | Farmdar GeoAI agritech startup headquarters Lahore OR Islamabad OR Karachi"
Entrepreneur - Founder,169,Dr. Nadeem,"City, LinkedIn Profile",,"City, LinkedIn Profile",,"Sheet gives only 'Dr. Nadeem' (no surname), so the person cannot be searched reliably; no source for RIMS (rimsedu.com) found.","""Dr. Nadeem"" RIMS rimsedu.com CEO aerospace | RIMS Institute rimsedu.com aerospace Pakistan CEO Dr Nadeem"
Entrepreneur - Founder,170,Nadeem Shaikh,City,,City,"https://pk.linkedin.com/in/nrshaikh - same LinkedIn already on the row; search results show him as Founder & Managing Partner of Neem (Neem Exponential, a Pakistan-focused venture builder; ex-Veon/Jazz, Anthemis), but no snippet gives a city, so not accepted.",,"""Nadeem Shaikh"" Neem founder | Neem Nadeem Shaikh founder managing partner Veon Anthemis based in"
Entrepreneur - Founder,171,Nadia Ikram,"City, LinkedIn Profile",,"City, LinkedIn Profile",,,"""Nadia Ikram"" ""Gelecek"" CEO | Gelecek Tech geleceksoln.com Pakistan Nadia Ikram"
Entrepreneur - Founder,172,Nadir Mobeen Afridi,"City, LinkedIn Profile",,"City, LinkedIn Profile",,,"""Nadir Mobeen Afridi"" Kail CEO | Kail kail.com.pk Pakistan company Nadir Afridi"
Entrepreneur - Founder,173,Naeem Naz,"City, LinkedIn Profile",,"City, LinkedIn Profile",,,"""Naeem Naz"" ""Elevon Technologies"" CEO | Elevon Technologies Pakistan aerospace Naeem Naz"
Entrepreneur - Founder,174,Naeem Sattar,City,City: Lahore,,,,"""Naeem Sattar"" Tarsil.pk founder | Tarsil.pk Naeem Sattar Lahore OR Karachi OR Islamabad MSME delivery"
Entrepreneur - Founder,179,Nauman Abbasi,City,,City,"Search results tie AdVentures / Murree Development Forum to a Parvez Abbasi (pk.linkedin.com/in/parvezabbasi, Chairman MDF), not Nauman; no Nauman Abbasi evidence found.",,"""Nauman Abbasi"" ""Murree Development Forum"" | ""Nauman Abbasi"" AdVentures entrepreneurship Murree"
Entrepreneur - Founder,180,Nauman Vawda,City,,City,,,"""Nauman Vawda"" iVolve Technologies CEO | iVolve Technologies Pakistan ""Vawda"" CEO"
Entrepreneur - Founder,183,Neelma Islam,"City, LinkedIn Profile",,"City, LinkedIn Profile",,,"""Neelma Islam"" ""Indus Aero Electrics"" | ""Neelma Islam"" CEO aerospace Pakistan"
Entrepreneur - Founder,184,Nida (Bukhari) Athar,City,,City,Search results confirm Nida Athar is CEO/Director of Innoventures Global (Pvt) Ltd and co-founder of Pakistan Innovation Foundation (consistent with row) but none of the snippets state a city; a University of Southern Punjab page (usp.edu.pk/nida-athar/) appeared but was not confirmed to be the same person.,,"""Nida Athar"" ""InnoVentures Global"" CEO | Innoventures Global Private Limited Nida Athar Islamabad OR Lahore OR Rawalpindi OR Karachi"
Entrepreneur - Founder,186,Noman Tabani,"City, LinkedIn Profile",,"City, LinkedIn Profile","Only Tabani Group (Humza Tabani, CEO/Vice Chairman) surfaced; no evidence tying Noman Tabani to TE Group.",,"""Noman Tabani"" ""TE Group"" CEO | ""Tabani"" ""TE Group"" Pakistan Karachi CEO Noman"
Entrepreneur - Founder,193,Peer MF Hashmi,City,,City,,,"""Peer MF Hashmi"" 360-DMG CEO | ""360-DMG"" Hashmi CEO aviation MRO"
Entrepreneur - Founder,195,Raza Afzal,City,City: Karachi,,,,"""Raza Afzal"" ""Truck It In"" co-founder"
Entrepreneur - Founder,196,Razaullah K. Durrani,City,,City,,,"""Razaullah"" Durrani Otium Technology CEO co-founder | ""Otium Technology"" Pakistan Durrani CEO"
Entrepreneur - Founder,197,Rehan Akhtar,City,,City,,,"""Rehan Akhtar"" Myhisaab founder (search tool ran several sub-searches, nothing relevant)"
Entrepreneur - Founder,198,Rezaa Sherazi,City,,City,,,"""Rezaa Sherazi"" PropSel founder CEO | PropSel Pakistan real estate platform Sherazi"
Entrepreneur - Founder,199,Rozeena Saleha,City,,City,"Sources (search summaries) confirm she is Founder/CEO of Kalam4Solutions (spelled 'Syeda Rozena Saleha'); company operates drone teams at farms in Swabi, Mardan and Rahim Yar Khan but no HQ city was stated. fi.co event page (Lahore 2025) appeared, not confirmed relevant.",,"""Rozeena Saleha"" Kalam4Solutions CEO | Kalam4Solutions drone UAV company Pakistan office Rozeena Saleha"
Entrepreneur - Founder,200,Saad Ahmed Khan,City,,City,,,"""Saad Ahmed Khan"" ""Quality Solutions Tech"" Director Business Development"
Entrepreneur - Founder,202,Saad Hassan,City,,City,,,"""Saad Hassan"" ICAW Technologies CEO Bio ICAW | ""ICAW Technologies"" Pakistan Saad Hassan CEO"
Entrepreneur - Founder,204,Saadia Habib,City,,City,https://flyinglabs.org/team/saadia-habib confirms Managing Director & Coordinator of Pakistan Flying Labs and Director of Robotics & STEM Pakistan (matches row) but snippet gives no city and the page is blocked from WebFetch here.,,"""Saadia Habib"" ""Pakistan Flying Labs"" | ""Saadia Habib"" Robotics STEM Pakistan Islamabad OR Lahore OR Karachi drone pilot"
Entrepreneur - Founder,210,Salim Ghauri,City,City: Lahore,,,,"""Salim Ghauri"" NetSol Technologies CEO Calabasas | ""Salim Ghauri"" Lahore NetSol Pakistan Chairman"
Entrepreneur - Founder,211,Salma Gul,"Designation, City, LinkedIn Profile",,"Designation, City, LinkedIn Profile",,,"""Salma Gul"" ""Safe Solutions Consultants"" | ""Safe Solutions Consultants"" Pakistan IT company Lahore OR Islamabad OR Karachi"
Entrepreneur - Founder,212,Jahangir Khan,"Gender, City, LinkedIn Profile",,"Gender, City, LinkedIn Profile",,,"""Safe Solutions Consultants"" Jahangir Khan CEO Pakistan | (shared 2nd search with row 210)"
Entrepreneur - Founder,214,Salman Chattha,City,City: Lahore,,,,"""Salman Chattha"" Taraki Tech founder | Taraki jobs platform Pakistan Salman Chattha Hassaan Khan based in"
Entrepreneur - Founder,215,Salman Javed,City,,City,,,"""Salman Javed"" ""KP LEADS"" co-founder CFO | ""KP LEADS"" Khyber Pakhtunkhwa startup Salman Javed Peshawar"
Entrepreneur - Founder,218,Salman Younus,City,,City,,,"""Salman Younus"" XNREL CEO | XNREL company Pakistan Salman Younus"
Entrepreneur - Founder,219,Samad Saleem,City,City: Karachi,,,,"""Samad Saleem"" DigiTrends CEO P@SHA vice chairman | DigiTrends Pakistan digital agency Samad Saleem founder Lahore"
Entrepreneur - Founder,220,Sameed Shah,City,,City,,,"""Infusible Coder"" Sameed Shah | ""Infusible Coder"" software company Pakistan | ""Infusible Coder"" linkedin company location"
Entrepreneur - Founder,222,Sanad Khan,"Gender, City",City: Swabi; Gender: Male,,,,"""Sanad Khan"" Batoor founder | ""Sanad Khan"" Batoor (extended) | Batoor delivery Swabi ""Sanad Khan"" he CEO | Batoor founder Sanad Khan Telenor PepsiCo his journey"
Entrepreneur - Founder,225,Sehrish Raza,City,City: Islamabad,,,,"""Sehrish Raza"" BizB founder city | BizB Pakistan preloved fashion marketplace Lahore Sehrish Raza | BizB headquarters Islamabad preloved (crunchbase/tracxn/dealroom)"
Entrepreneur - Founder,226,Shabbir Hussain,LinkedIn Profile,,LinkedIn Profile,,,"""Shabbir Hussain"" Softcom ""Soft Communications"" CEO Islamabad | softcom.com.pk Soft Communications Islamabad team Shabbir | ""Shabbir Hussain"" Softcom linkedin | ""Softcom"" Islamabad CEO ""Shabbir Hussain"" software house"
Entrepreneur - Founder,227,Shaheer Ahmed,City,City: Karachi,,,,"""Shaheer Ahmed"" TechTree founder CEO | TechTree Pakistan startup Shaheer Ahmed | ""Shaheer Ahmed"" TechTree (linkedin.com)"
Entrepreneur - Founder,228,Shahzad Khan,City,City: Multan,,,,"""The Laptop Living"" Shahzad Khan founder | Shahzad Khan ""The Laptop Living"" (linkedin.com) | The Laptop Living company copywriting Shahzad Khan headquarters"
Entrepreneur - Founder,232,Shariq Thanvi,LinkedIn Profile,,LinkedIn Profile,"https://www.linkedin.com/in/sthanvi/ - 'Shariq A.', Enterprise Revenue & Growth Leader, Los Angeles Metropolitan Area (slug matches Thanvi, location matches) but the result shows Visionet Systems, not Saifst Corp, so not verified.",,"""Shariq Thanvi"" Saifst | Shariq Thanvi Saifst Corp president (linkedin.com) | ""Shariq Thanvi"" (linkedin.com) | Saifst Corp Northridge California president Shariq | Saifst president linkedin Los Angeles"
Entrepreneur - Founder,233,Shaur ul Asar,"Gender, City",City: Lahore,Gender,,,"""Shaur ul Asar"" FRIXM | Shaur ul Asar FRIXM founder CEO (linkedin.com) | FRIXM Pvt Ltd Lahore Shaur | ""Shaur ul Asar"" marketing"
Entrepreneur - Founder,234,Shawana Iftikhar,City,City: Rawalpindi,,,,"""Shawana Iftikhar"" Work Generations | Shawana Iftikhar CEO Work Generations P@SHA | ""Work Generations"" Pvt Ltd office address Pakistan | Work Generations Pvt Ltd headquarters"
Entrepreneur - Founder,237,Shehroze Bhatti,LinkedIn Profile,,LinkedIn Profile,,,"""Shehroze Bhatti"" ""Aegasis Labs"" CEO | Aegasis Labs Shehroze Bhatti linkedin"
Entrepreneur - Founder,239,Sheikh Abdul Qadir,City,,City,"Search summary says a Sheikh Abdul Qadir is a CEC member of P@SHA (matches 'Board Member, P@SHA' in row) but no IDRAK AI link or city was found.",,"""Sheikh Abdul Qadir"" ""IDRAK AI"" CEO | IDRAK AI Pakistan P@SHA board member CEO Sheikh Abdul Qadir"
Entrepreneur - Founder,240,Shifa Anwer,City,,City,,,"""Shifa Anwer"" xis.ai Marketing Manager | ""Shifa Anwer"" Pakistan co-founder skills training program"
Entrepreneur - Founder,241,Shoaib Khan,City,City: Islamabad,,,"Sources describe Shoaib Khan as one of four co-founders of Markaz Technologies; row says 'Founder / CEO' (CEO title not confirmed). Common name, so identity beyond the org match is not otherwise verified.","""Shoaib Khan"" ""Markaz Technologies"" founder CEO"
Entrepreneur - Founder,243,Sohail Ayub,City,,City,,,"""Sohail Ayub"" ""Axpert Vision"" CEO | ""Axpert Vision"" Pakistan aerospace drone company Sohail Ayub"
Entrepreneur - Founder,246,Suleiman Khan,"City, LinkedIn Profile",,"City, LinkedIn Profile",,,"""Suleiman Khan"" ""Waazeh Tech"" CEO | ""Waazeh"" tech startup Pakistan Suleiman Khan"
Entrepreneur - Founder,247,Syed Ali Hasnain,"City, LinkedIn Profile",,"City, LinkedIn Profile",,,"""Syed Ali Hasnain"" ""IP Centric"" CEO aviation | ""IP Centric"" ipcentricsys Pakistan aviation metal reclamation Hasnain"
Entrepreneur - Founder,248,Syed Ali Shabbar,City,,City,"https://pk.linkedin.com/in/aliknows (Syed Ali Shabbar) lists Sparknetics experience (reportedly US), and meaningful.business / MWC bio describe an Ali Shabbar as CEO & co-founder of DeafTawk (founded in Islamabad, 2019); no source states his own city or ties Sparknetics to a city, and it is not confirmed that this is the row's LinkedIn (shabbardigital) person.",Row's LinkedIn slug is /in/shabbardigital/ while search surfaced /in/aliknows for 'Syed Ali Shabbar' (Sparknetics); may be the same person with a different profile or a different person - worth checking.,"""Ali Shabbar"" Sparknetics founder | ""Ali Shabbar"" Sparknetics DeafTawk based Karachi OR Houston OR Dallas OR Lahore"
Entrepreneur - Founder,250,Syed Ghazanfar Sajjad,"City, LinkedIn Profile",,"City, LinkedIn Profile",,,"""Ghazanfar Sajjad"" Telec Electronics Machinery CEO | ""Telec Electronics & Machinery"" Pakistan head office address"
Entrepreneur - Founder,251,Syed Hasan Sajjad,"City, LinkedIn Profile",,"City, LinkedIn Profile",https://www.macpanel.com/mac_partners/tradelinkers/ describes Trade Linkers Electronics & Machinery (Pvt.) Ltd as a Pakistani trading/solutions company but the snippet gave no city or CEO name.,,"""Hasan Sajjad"" ""Trade Linkers"" Electronics Machinery CEO | ""Trade Linkers Electronics & Machinery"" head office address Pakistan"
Entrepreneur - Founder,252,Syed Junaid Ahmad,City,,City,,,"""Syed Junaid Ahmad"" Softoo CEO co-founder | Softoo Pakistan software company Junaid Ahmad P@SHA CEC"
Entrepreneur - Founder,253,Syed Muhammad Nasir Ud Din,City,,City,"jobz.pk listing for LEOS (Laser & Electro Optical Solutions) mentions Islamabad jobs among several cities; not an HQ statement, so not accepted.",,"""Nasir Ud Din"" ""Laser & Electro Optical Solutions"" LEOS CEO | LEOS Laser Electro Optical Solutions Pakistan company Islamabad OR Lahore OR Rawalpindi CEO"
Entrepreneur - Founder,255,Syed Salman Tahir,"City, LinkedIn Profile",,"City, LinkedIn Profile","Foree (Foree Payments, led by Murtaza Hashwani / Hashoo Group) surfaced, but no source names Syed Salman Tahir or ties him to Foreepay or NEXTTECH Hospitality.",,"""Syed Salman Tahir"" CFO Foreepay NEXTTECH Hospitality | Foreepay Pakistan fintech CFO Salman Tahir"
Entrepreneur - Founder,257,Talha Fakhar,City,,City,,,"""Talha Fakhar"" 2BTech founder | Talha Fakhar fractional CXO sales trainer SMEs Lahore OR Karachi OR Islamabad"
Entrepreneur - Founder,258,Talha Khalid,City,,City,,,"""Talha Khalid"" Spectrave CEO UAV | spectrave.com UAV-based services Pakistan Talha Khalid"
Entrepreneur - Founder,260,Tariq Atiullah,City,,City,,,"""Tariq Atiullah"" CEO Atiullah Tech Solutions | ""Atiullah Tech Solutions"" Pakistan"
Entrepreneur - Founder,262,Umair Aslam,City,City: Islamabad,,,,"(covered by row 240 query) ""Shoaib Khan"" ""Markaz Technologies"" founder CEO"
Entrepreneur - Founder,263,Umair Munir,LinkedIn Profile,,LinkedIn Profile,"An Umair Munir (CEO & Director, EEN Group; founder mindrush.ai; engineering coach at Bazaar Technologies, Pakistan) surfaced via humantic.ai and a Toptal Islamabad developer profile, but none ties him to Cityscape Technologies, so not accepted; humantic.ai is not an acceptable link anyway.",,"""Umair Munir"" ""Cityscape Technologies"" President | ""Cityscape Technologies"" ""Umair Munir"" linkedin"
Entrepreneur - Founder,264,Umar Dilawar,"City, LinkedIn Profile",,"City, LinkedIn Profile","https://propakistani.pk/2024/12/10/pakistani-entrepreneur-selected-for-draper-universitys-hero-training-program/amp/ names an Umar Dilawar as Founder & CEO of Relymer Group (blockchain/AI, Pakistan; Web3 Alliance Pakistan board) but no source ties him to Ripple Smart LLP, so not accepted.","Possible org mismatch: the only matching 'Umar Dilawar' found is Founder/CEO of Relymer Group, not Ripple Smart LLP; may be a different person or an additional venture.","""Umar Dilawar"" ""Ripple Smart"" CEO | ""Umar Dilawar"" Pakistan CEO Ripple Smart LLP ripple-smart.com"
Entrepreneur - Founder,265,Umer Usman,"Designation, City, LinkedIn Profile",,"Designation, City, LinkedIn Profile",,"Search for 'Devsiom' only returned Devsinc (founder/CEO Usman Asif); possible spelling issue in the organisation or person name, not confirmed.","""Umer Usman"" Devsiom | Devsiom software company Pakistan CEO founder"
Entrepreneur - Founder,269,Vladimira Briestenska,City,City: Karachi,,,,"""Vladimira Briestenska"" Neem founder | ""Vladimira Briestenska"" Karachi OR Lahore OR Dubai OR London OR Islamabad Neem financial wellness"
Entrepreneur - Founder,271,Waleed Najam,City,City: Lahore,,,,"""Waleed Najam"" Rankistan CEO Roplar founder | Rankistan SEO digital marketing Pakistan Waleed Najam"
Entrepreneur - Founder,274,Yashfa Zaman,"City, LinkedIn Profile",,"City, LinkedIn Profile",,,"""Yashfa Zaman"" ""Eleve Essence"" founder"
Entrepreneur - Founder,275,Yasir Shamim,"City, LinkedIn Profile",,"City, LinkedIn Profile",,,"""Yasir Shamim"" ""Andrew Paints"" CEO"
Entrepreneur - Founder,277,Yazerial Javaid,"Gender, City",,"Gender, City",,,"""Yazerail"" OR ""Yazerial Javaid"" Spacedome AI CEO"
Entrepreneur - Founder,279,Zafar Khan,City,City: Lahore,,,"Sources describe Zafar Khan as CTO & co-founder of Truckistan; row says Co-founder (consistent, not an error).","""Zafar Khan"" Truckistan co-founder | Truckistan Technologies Lahore headquarters Abid Butt Zafar Khan CTO"
Entrepreneur - Founder,281,Zahra Nooreen,City,City: Gilgit,,,,"""Zahra Nooreen"" SheDev CEO | SheDev Gilgit women-led tech company Zahra Nooreen CEO Gilgit city office"
Entrepreneur - Founder,282,Zarmina Sanam,City,,City,"https://www.flashintel.ai/people/Zarmina-Gillani-f9780231f3e2b299c1f9c6bc6d1b0b99/ - 'Zarmina Gillani' heads Skill2Success (EdTech) per search summary, but no city visible and page fetch blocked.",Row name is 'Zarmina Sanam' but the existing LinkedIn slug and external sources use 'Zarmina Gillani' (possible alternate/married name).,"""Zarmina"" Skill2Success co-founder | ""Zarmina Gillani"" Skill2Success"
Entrepreneur - Founder,284,Zeeshan Hussain,"City, LinkedIn Profile",,"City, LinkedIn Profile",,,"""Zeeshan Hussain"" ""Stingray Technologies"" marine | Stingray Technologies Pakistan ""Zeeshan Hussain"" general manager"
Entrepreneur - Founder,285,Zeeshan Qedwaee,Designation,,Designation,,,"""Zeeshan Qedwaee"" ""Tech Comradery"" | ""Tech Comradery"" Islamabad Zeeshan Qedwaee founder CEO"
Entrepreneur - Founder,287,Zia Ur Rehman,City,,City,,,"""Falcon System"" aerospace Zia Ur Rehman CEO Falcosys | Falcon System Falcosys Pakistan aerospace IT company CEO Zia ur Rehman Abbasi"
Incubator - Accelerator,2,Aakash Luqman,City,,City,,"Search summary (happenstance.ai/u/aakashhh, unfetched) says Aakash Luqman was previously Product Growth Manager at Blink Ventures and is currently Product Marketing Manager at SocialBu; row lists Product Innovation Manager at Blink Ventures (possibly outdated). Blink Ventures' city not found.","""Aakash Luqman"" ""Blink Ventures"" | Blink Ventures Pakistan startup studio incubator headquarters city"
Incubator - Accelerator,3,Aamna Khaqan,City,,City,"CLIP (Climate Innovation Pakistan, joint NEX Pakistan / Renewables First) was launched at the National Incubation Centre in Islamabad (renewablesfirst.org / meatechwatch.com), but no source states where NEX Pakistan or Aamna is based; Aamna not named in any result.",,"""Aamna Khaqan"" Climate Innovation Pakistan New Energy Nexus accelerator manager | Climate Innovation Pakistan CLIP New Energy Nexus Pakistan office Islamabad Aamna Khaqan"
Incubator - Accelerator,5,Ahmed Mujtaba Khan,City,City: Rawalpindi,,,,"NICAT ""National Incubation Center for Aerospace Technologies"" located (shared with rows 10, 23, 62)"
Incubator - Accelerator,6,Ahmer Rafi,LinkedIn Profile,,LinkedIn Profile,,No source found naming Ahmer Rafi as Director ORIC at IST (IST ORIC listed generically with oric@ist.edu.pk only).,"""Ahmer Rafi"" ORIC Institute of Space Technology Director | ""Ahmer Rafi"" Institute of Space Technology linkedin"
Incubator - Accelerator,8,Aksom Zaheer,Gender,,Gender,,,"""Aksom Zaheer"" StartupLawnch Managing Partner | ""Aksom Zaheer"" Marlaw startup lawyer"
Incubator - Accelerator,9,Ali Hasnain Shah,City,,City,"Takhleeq Business Incubator is at University of Central Punjab, Lahore (propakistani.pk/2019/02/15/takhleeq-a-new-incubator-for-non-tech-startups/), but a separate 'Takhleeq' also exists at CUST Islamabad (cust.edu.pk/takhleeq); no source ties Ali Hasnain Shah to either, so city not accepted.",,"""Ali Hasnain Shah"" Takhleeq CEO | Takhleeq Pakistan creative startup incubator Ali Hasnain Shah founder"
Incubator - Accelerator,10,Ali Khursheed,City,City: Rawalpindi,,,,"(shared NICAT query, see row 5)"
Incubator - Accelerator,11,Ali Oosman,City,,City,"Endeavor Pakistan registered office is in Karachi (pakistan.endeavor.org/about-us/contact/, via search summary), but a Substack interview (eastwesthurricane.substack.com/p/my-interview-with-ali-samir-strategic, fetch blocked) describes Ali Samir Oosman as leading Strategic Partnerships & Deal Flow at Microsoft for Startups, Dubai-based, so Karachi (org) vs Dubai (person) conflict; not accepted.","ProPakistani (2022/05/17/endeavor-set-to-launch-in-pakistan-soon) calls Ali Samir Oosman Managing Director at Endeavor Pakistan, but a later Substack interview suggests he now works at Microsoft for Startups in Dubai; designation/org may be outdated.","""Ali Oosman"" Endeavor Pakistan CEO Managing Director | Endeavor Pakistan office Karachi Ali Samir Oosman Managing Director"
Incubator - Accelerator,19,Emmad Ahsan,LinkedIn Profile,,LinkedIn Profile,,,"""Emmad Ahsan"" NSTP NUST Innovation Incubation | ""Emmad Ahsan"" linkedin NSTP Senior General Manager"
Incubator - Accelerator,21,Hannan Hayat,City,City: Lahore,,,,"""Hannan Hayat"" ""Game Train"" Senior Program Manager | ""Game Train"" gaming accelerator Pakistan Islamabad office"
Incubator - Accelerator,23,Imran Jattala,City,City: Rawalpindi,,,,"(shared NICAT query, see row 5)"
Incubator - Accelerator,24,Kamran Taufiq Khan,LinkedIn Profile,,LinkedIn Profile,"https://fi.co/mentors/11328 (Founder Institute mentor listing) appears to list 'Kamran Taufiq Khan' as Program Manager @ NIC Islamabad per search summary, but page fetch was blocked and it is not an org/event bio, so not accepted as the link.",,"""Kamran Taufiq"" National Incubation Center Islamabad Program Manager | ""Kamran Taufiq Khan"" linkedin"
Incubator - Accelerator,28,Mahjabeen Alvina,"Department, City",Department: Umeed Labs,City,"Startup Lab she led was launched by the U.S. Consulate General Karachi (bahria.edu.pk/bukc/?p=28823) and she studied at NED (Karachi), but no source states her current city or Umeed Labs' city.",,"""Mahjabeen Alvina"" Umeed Labs | ""Mahjabeen Alvina"" Startup Lab coordinator Pakistan"
Incubator - Accelerator,29,Mahnoor Sohail,"City, LinkedIn Profile",City: Karachi,LinkedIn Profile,"https://pk.linkedin.com/in/mahnoor-suhail ('Mahnoor Suhail', possible spelling variant) surfaced for the query but its title/summary shows no InnoVentures/STEMx link, so not accepted.",,"""Mahnoor Sohail"" InnoVentures Global STEMx | ""Mahnoor Suhail"" InnoVentures Global Community Manager Karachi (org city also seen in Blink Ventures query)"
Incubator - Accelerator,35,Muhammad Ishaq,LinkedIn Profile,,LinkedIn Profile,,,"""Muhammad Ishaq"" Additional Director ORIC Arid Agriculture University Rawalpindi | ""Muhammad Ishaq"" PMAS-AAUR ORIC TISC focal person Business Incubation Center"
Incubator - Accelerator,36,Najam us Sahar Durrani,City,,City,"https://womenintechpk.com/?p=4414 says Najam us Sahar was born and raised in Karachi (women-in-tech interview), but it does not tie her to Tech Valley Pakistan or state her current city, so not accepted. A second LinkedIn URL https://www.linkedin.com/in/najam-us-sahar-87a730a9/ was surfaced (row already has a link).",,"""Najam us Sahar"" ""Tech Valley Pakistan"" | ""Najam us Sahar"" program manager women tech Pakistan Karachi OR Lahore OR Islamabad"
Incubator - Accelerator,39,Rabia Khan,City,,City,"OPEN Silicon Valley (Organization of Pakistani Entrepreneurs of North America, Silicon Valley chapter) is a US-based diaspora body (opensv.org); no source names Rabia Khan or gives a city.",,"""Rabia Khan"" ""Open Silicon Valley"" Chief of Staff | ""OPEN Silicon Valley"" ""Rabia Khan"""
Incubator - Accelerator,49,Shaista Ayesha,City,City: Karachi,,,,"""Shaista Ayesha"" ""Seed Ventures"" CEO | SEED Ventures Pakistan Karachi office social impact incubator Shaista Ayesha Farhat CEO"
Incubator - Accelerator,52,Sidra Amin,City,,City,,"Could not confirm anyone named Sidra Amin at New Energy Nexus or Invest2Innovate; row pairs title 'Program Manager, New Energy Nexus' with org 'Invest2Innovate (i2i)' which may be inconsistent.","""Sidra Amin"" Invest2Innovate i2i New Energy Nexus Program Manager | ""Sidra Amin"" ""New Energy Nexus"" OR ""Invest2Innovate"" Pakistan"
Incubator - Accelerator,54,Syed Ali Aqa Gardezi,City,,City,,,"""Syed Ali Aqa Gardezi"" SparkTank Incubator | ""Ali Aqa Gardezi"" Multan SparkTank Beaconhouse innovation entrepreneurship manager"
Incubator - Accelerator,61,Zain Najeeb,LinkedIn Profile,,LinkedIn Profile,,,"""Zain Najeeb"" NSTP TechOne NUST Head of Marketing | ""Zain Najeeb"" NUST OR NSTP OR TechOne linkedin marketing"
Incubator - Accelerator,62,Zujajah Khalid Butt,City,City: Rawalpindi,,,,"(shared NICAT query, see row 5)"
Industrialist - Government,6,Abdullah Khan,"Designation, City",City: Islamabad,Designation,,,"""Abdullah Khan"" Ignite National Technology Fund | Abdullah Khan PMP Ignite Islamabad manager | ""abdullahkhan-pmp"" linkedin | Ignite National Technology Fund team ""Abdullah Khan"" program manager"
Industrialist - Government,10,Afsheen Iftikhar,"City, LinkedIn Profile",,"City, LinkedIn Profile","https://in.linkedin.com/in/masroorul - search result described an 'Afsheen Iftikhar', Regional Head HR at WestPoint Home Pakistan; nothing ties her to P@SHA, and the URL slug does not match the name.",,"""Afsheen Iftikhar"" P@SHA | ""Afsheen Iftikhar"" Pakistan Software Houses Association | ""Afsheen Iftikhar"" linkedin"
Industrialist - Government,13,Ahtasam Ahmad,City,City: Islamabad,,,"IEEFA profile (https://ieefa.org/people/ahtasam-ahmad) calls him 'Energy Finance and Climate Tech Lead' at Renewables First, not 'Program Lead'.","""Ahtasam Ahmad"" Renewables First | Renewables First think tank Islamabad address Ahtasam Ahmad"
Industrialist - Government,14,Air Cdre Ali Atta,"City, LinkedIn Profile",,"City, LinkedIn Profile",,,"""Ali Atta"" Air Commodore NASTP | ""Air Cdre Ali Atta"" OR ""Air Commodore Ali Atta"" | NASTP headquarters address (NASTP is multi-site: Kamra HQ, Rawalpindi, Karachi, Lahore, so org city not used)"
Industrialist - Government,15,Air Cdre Amir Azeem,"City, LinkedIn Profile",,"City, LinkedIn Profile",,,"""Amir Azeem"" Air Commodore | NASTP headquarters address Rawalpindi"
Industrialist - Government,16,Air Cdre Irteza,"City, LinkedIn Profile",,"City, LinkedIn Profile",,,"NASTP judging panel ""Air Cdre"" Irteza OR Tauseef OR ""Salman Aslam"" | ""Irteza"" Air Commodore NASTP OR PAF"
Industrialist - Government,17,Air Cdre Salman Aslam,"City, LinkedIn Profile",,"City, LinkedIn Profile",,,"NASTP judging panel ""Air Cdre"" Irteza OR Tauseef OR ""Salman Aslam"" | ""Salman Aslam"" NASTP"
Industrialist - Government,18,Air Cdre Shahzad Arshad,City,,City,,,"""Shahzad Arshad"" Air Commodore NASTP | ""Shahzad Arshad"" NASTP OR ""Pakistan Air Force"" linkedin"
Industrialist - Government,19,Air Cdre Tauseef,"City, LinkedIn Profile",,"City, LinkedIn Profile",,,"NASTP judging panel ""Air Cdre"" Irteza OR Tauseef OR ""Salman Aslam"" | ""Air Cdre Tauseef"" OR ""Air Commodore Tauseef"" NASTP"
Industrialist - Government,21,Ali Kazmi,City,,City,,,"""Ali Kazmi"" ""Askari Bank"" Head Digital Transformation | ""Ali Kazmi"" Askari Bank digital transformation Rawalpindi OR Karachi OR Lahore OR Islamabad"
Industrialist - Government,22,Ali Naqvi,City,,City,"Search extracts (digitalpakistan.pk / propakistani Autosoft Dynamics coverage of Askari Bank) name 'Ali Naqvi' as Chief Digital Officer, Askari Bank, which supports the row's role but gives no city for him (Askari Bank is a multi-city bank), so City left blank.",,"""Ali Naqvi"" Chief Digital Officer ""Askari Bank"" | ""Ali Abbas Naqvi"" Askari Bank Chief Digital Officer"
Industrialist - Government,23,Ali Sher Qaisrani,City,,City,,,"""Ali Sher Qaisrani"" Telenor Pakistan innovation | ""Ali Sher Qaisrani"" Telenor"
Industrialist - Government,25,Amanullah Qureshi,"Designation, City",,"Designation, City","Search extracts say an 'Amanullah Qureshi' was PIA Chief Operating Officer and Chief Training & Development and one of three nominees for acting CEO (https://www.brandsynario.com/pia-appoints-khurram-mushtaq-as-acting-ceo/ confirms the nominee point only; COO title came from an unpinned extract, candidates https://historyofpia.com/forums/viewtopic.php?p=224700 or https://en.dailypakistan.com.pk/?p=131291). Not accepted because I could not tie the COO title to a specific URL.","One extract mentions an 'Inamullah Qureshi' as PIA Chief of Training and Development / acting COO, so the row's first name 'Amanullah' may be a spelling variant of a different person; not resolved.","""Amanullah Qureshi"" PIA Pakistan International Airlines | ""Amanullah Qureshi"" PIA ""Chief Operating Officer"" OR ""Chief Training"" | ""Amanullah Qureshi"" PIA acting CEO nominees (brandsynario.com only)"
Industrialist - Government,26,AVM Amir Hayat,"City, LinkedIn Profile",,"City, LinkedIn Profile","News (https://profit.pakistantoday.com.pk/?p=179687) shows his PIA CEO deputation ended 9 Dec 2024 (he was later re-named acting CEO per another report); as a former CEO and serving PAF officer his current city is not stated, so City not taken from PIA's location.",,"""Amir Hayat"" Air Vice Marshal CEO PIA"
Industrialist - Government,31,Asmat Ullah Tareen,LinkedIn Profile,,LinkedIn Profile,,,"""Asmat Ullah Tareen"" PSEB | Asmat Ullah Tareen Pakistan Software Export Board Industry Facilitation linkedin"
Industrialist - Government,33,Chaudhary Bilal Munawar,City,City: Islamabad,,,,"""Bilal Munawar"" ""Glitz Pharma"" CEO | ""Glitz Pharma"" Pakistan CEO Chaudhry Bilal"
Industrialist - Government,34,Col (R) M. Ayub,"Designation, City, LinkedIn Profile",,"Designation, City, LinkedIn Profile",,Organisation 'National Energy & Transport Corporation (NETC)' could not be found in any search; may be a mis-named org (possible National Logistics Corporation or similar).,"""Col Ayub"" OR ""Colonel Ayub"" ""National Energy & Transport Corporation"" NETC | NETC ""National Energy and Transport Corporation"" Pakistan Colonel retired Ayub"
Industrialist - Government,37,Fahad Nisar,City,City: Lahore,,,,"""Fahad Nisar"" Nextbridge VP Engineering | ""Fahad Nisar"" Nextbridge Lahore OR Islamabad software engineering vice president | Nextbridge Pakistan software company headquarters Islamabad Lahore about us"
Industrialist - Government,42,Farrukh Awais,LinkedIn Profile,,LinkedIn Profile,,,"""Farrukh Awais"" Samsung Electronics America Director Sales Business Development | ""Farrukh Awais"" Samsung Electronics America"
Industrialist - Government,43,Farva Minhas,"Designation, City",,"Designation, City",,,"""Farva Minhas"" ""The Asia Foundation"" Pakistan | ""Farva Minhas"""
Industrialist - Government,47,Gp Capt Qasim,"City, LinkedIn Profile",,"City, LinkedIn Profile",,,National Aerospace Science and Technology Park NASTP Islamabad Group Captain Director ATS Babar Qasim Amir | NASTP National Aerospace Science and Technology Park contact address location
Industrialist - Government,48,Group Captain Amir,"Designation, City, LinkedIn Profile",,"Designation, City, LinkedIn Profile",,,"(shared NASTP searches, see row 47)"
Industrialist - Government,49,Group Captain Babar,"City, LinkedIn Profile",,"City, LinkedIn Profile",,,"(shared NASTP searches) | ""Group Captain"" ""Director ATS"" NASTP Babar OR Qasim OR Amir"
Industrialist - Government,50,Hammad Bashir,"Designation, City",,"Designation, City",,Org is recorded as 'The World Bank (listed under UNIDO)'; no source found tying a Hammad Bashir to either organisation.,"""Hammad Bashir"" ""World Bank"" Pakistan Islamabad | ""Hammad Bashir"" World Bank economist OR consultant OR specialist Pakistan UNIDO"
Industrialist - Government,51,Dr. Haroon Javaid Qurashi,City,,City,https://pakaero.com.pk/recording-of-paec-webinar-on-tech-for-the-global-tech-market-the-east-west-infiniti-story-vision-for-the-future-of-pakistans-tech-cluster/ - ties Dr. Haroon J Qureshi to East West Infiniti and PAeC but no city shown in the results.,"Spelling in sources is 'Dr. Haroon Javed Qureshi'. Sources describe him as Founder of East West Infiniti (Pvt) Ltd and President of the Pakistan Aerospace Council (PAeC); the row pairs designation 'Founding President, PAeC' with org East West Infiniti.","""Haroon"" Qureshi OR Qurashi ""East West Infiniti"" Founding President Pakistan Aerospace | ""East West Infiniti"" Islamabad Haroon Qureshi company address"
Industrialist - Government,56,Hozaima Malik,City,,City,"Search results say Hozaima Malik is Executive Director of CyberVision International (joined 2013 as System Analyst) and that CyberVision runs National Incubation Centers (Islamabad, Faisalabad, Sialkot mentioned); no source stated CyberVision's HQ city.",,"""Hozaima Malik"" Cybervision International | ""CyberVision International"" Pakistan headquarters Islamabad OR Lahore OR Karachi national incubation center Hozaima Malik"
Industrialist - Government,58,Iskander Khwaja,LinkedIn Profile,,LinkedIn Profile,,"Sources (automa.net/company/al-borj and Khaleej Times result) name 'Iskander Sultan Khwaja' as Managing Director of Al Borj, HQ Sharjah, consistent with row; spelling variant only, no LinkedIn found.","""Iskander Khwaja"" ""Al Borj"" Machinery Managing Director | ""Al Borj Machinery"" Sharjah OR Dubai Khwaja"
Industrialist - Government,60,Javeria Shafaq,"City, LinkedIn Profile",,"City, LinkedIn Profile",,,"""Javeria Shafaq"" Astrik Vice President | ""Astrik"" Pakistan Javeria Shafaq"
Industrialist - Government,62,Khawaja Rizwan Babar,"City, LinkedIn Profile",,"City, LinkedIn Profile",,,"""Rizwan Babar"" ""Scraperrs Lab"" | ""Scraperrs Lab"" OR ""Scraperrs"" web scraping company Pakistan"
Industrialist - Government,63,Kheezran Khan,"Gender, City",,"Gender, City",https://propakistani.pk/2025/10/19/psha-showcases-pakistans-tech-prowess-at-gitex-global-2025/ - names Kheezran Khan among P@SHA representatives at GITEX Global Dubai 2025 (confirms P@SHA tie) but no pronoun or city.,,"""Kheezran Khan"" P@SHA Director Brand Global Outreach | ""Kheezran"" Pasha Pakistan Software Houses Association"
Industrialist - Government,64,Khurram Mushtaq,"Designation, City, LinkedIn Profile",,"Designation, City, LinkedIn Profile","https://www.brandsynario.com/news/pia-appoints-khurram-mushtaq-as-acting-ceo/ - PIA named Khurram Mushtaq acting CEO on 6 Dec 2024 (previously headed Commercial, Airport Services, Flight Services, Security, Vigilance); a search summary says he later became COO but I did not see a page confirming his current title. PIA head office city (Karachi) also not confirmed from a seen source.",,"""Khurram Mushtaq"" ""PIA"" Pakistan International Airlines | ""Khurram Mushtaq"" PIA Chief Operating Officer COO Karachi"
Industrialist - Government,65,Khurram Shahzad,"Designation, City",,"Designation, City","https://www.muscatdaily.com/2026/04/15/the-asian-business-forum-appoints-bukhari-as-new-chairman-of-its-muscat-chapter/ - quotes 'Dr. Khurram' as founder and Patron-in-Chief of Asian Business Forum, but the snippet gives only the first name (no surname), so not accepted.",The row's LinkedIn link (linkedin.com/in/asianbusinessforum/) looks like an organisation-style slug rather than a personal profile; worth checking.,"""Khurram Shahzad"" ""Asian Business Forum"" | ""Dr. Khurram Shahzad"" Asian Business Forum founder patron-in-chief"
Industrialist - Government,69,AVM Dr. Liaquat Ullah Iqbal,City,City: Rawalpindi,,,,"(shared NASTP searches, see rows 47-49) | ""Group Captain"" ""Director ATS"" NASTP Babar OR Qasim OR Amir"
Industrialist - Government,70,M. Ayub Khan Zakori,City,,City,A search summary (source page not clearly identified) says 'Ayub Zakori' is CEO of Zakori Group and spoke in a KP SME Connect Program fireside chat; no city seen.,"Sources call him CEO of Zakori Group, row says Chairman (could be both).","""Ayub Zakori"" OR ""Ayub Khan Zakori"" Zakori Group of Companies Chairman | ""Zakori Group"" Pakistan Chairman Ayub Zakori"
Industrialist - Government,71,M. Hammad Bashir,"Designation, City, LinkedIn Profile",,"Designation, City, LinkedIn Profile",,,"""Hammad Bashir"" ""Nouveau Energy"" | ""Nouveau Energy Management Services"" Pakistan"
Industrialist - Government,74,M. Sohail Anjum,"Designation, LinkedIn Profile",,"Designation, LinkedIn Profile",,,"""Sohail Anjum"" NRTC National Radio & Telecommunication Corporation Haripur | ""Sohail Anjum"" NRTC General Manager OR Director OR Manager"
Industrialist - Government,75,Mahnoor Suhail,"City, LinkedIn Profile",,"City, LinkedIn Profile",,,"""Mahnoor Suhail"" P@SHA OR PASHA | ""Mahnoor Suhail"""
Industrialist - Government,77,Mansoor,"City, LinkedIn Profile",,"City, LinkedIn Profile",,"Name is first-name only ('Mansoor'); no source names a CMO at NASTP (one result mentions Azfar Manzoor, Chairman of STZA, a different body).","NASTP ""Chief Marketing Officer"" Mansoor National Aerospace Science Technology Park"
Industrialist - Government,78,Merai Syed,"Designation, Gender, City, LinkedIn Profile",,"Designation, Gender, City, LinkedIn Profile",,Organisation 'TBS' is ambiguous and the name 'Merai Syed' returned nothing; possible spelling variant (e.g. Meerai / Mehreen) or org abbreviation not resolvable.,"""Merai Syed"" TBS"
Industrialist - Government,79,Misbah Z.,Gender,,Gender,,,"""Misbah"" Project Director DEEP MoITT Digital Economy Enhancement Project | ""Misbah Zaheer"" OR ""Misbah Zafar"" OR ""Misbah Zubair"" DEEP Ministry of IT Project Director | Misbah ""Project Director"" DEEP Ministry of IT Telecom World Bank digital economy | ""Misbah Z"" DEEP MoITT linkedin misbahz"
Industrialist - Government,80,Mohammad Wasim Khokhar,"City, LinkedIn Profile",,"City, LinkedIn Profile","https://admin.gbc.org.pk/uncategorized/gbc-signs-mou-with-czech-pak-chamber-of-commerce - Gujranwala Business Council news confirms Mr. Wasim Khokhar as President of the Czech-Pak Chamber of Commerce visiting GBC, but gives no city for him; the chamber is a Czech-registered 'z.s.' (inaugurated by the Pakistan Embassy in Prague, 2021), so Prague, Czech Republic is plausible but no source states his or the chamber's city.",Search results also show 'Ahsann Aslam' as President at Czech Pakistan Chamber of Commerce (cz.linkedin.com/in/airbornjaguar); there may be two similarly named chambers or a change of president - worth checking the row's title is current.,"""Wasim Khokhar"" Czech-Pakistan Joint Chamber of Commerce | ""Wasim Khokhar"" Prague Czech Pakistan chamber president | ""Wasim Khokhar"" chamber Czech (extended) | ""Mohammad Wasim Khokhar"" | Wasim Khokhar linkedin Prague Czech Republic president chamber | ""Czech-Pakistan Joint Chamber of Commerce"" z.s. Praha | ""Waseem Khokhar"" Czech Pakistan chamber"
Industrialist - Government,83,Muhammad Faraz Kiani,City,City: Islamabad,,,,"""Faraz Kiani"" Ignite Pakistan Startup Fund | Ignite National Technology Fund head office address Islamabad | Ignite National Technology Fund ""Telecom Foundation Complex"" G-9/4 Islamabad | ""Muhammad Faraz Kiani"" Islamabad"
Industrialist - Government,84,Muhammad Hamza Sarosh,"Designation, LinkedIn Profile",Designation: Former Senior Vice President,LinkedIn Profile,,"The SVP role was for the 2022-23 term (later SVPs: Khalid Farooq Qazi 2024-26, Waseem Aslam 2026-28); APP coverage of the 2026 RCCI election lists 'Muhammad Hamza Surosh' winning an Associate Class executive seat (https://www.app.com.pk/?p=1274984), so he may currently be an Executive Committee member.","""Hamza Sarosh"" Rawalpindi Chamber of Commerce | ""Hamza Sarosh"" Senior Vice President RCCI | ""Hamza Sarosh"" Rawalpindi | ""Hamza Sarosh"" chamber vice president (extended) | RCCI newly-elected office bearers take oath Saqib Rafiq Hamza Sarosh 2022 | nation.com.pk RCCI office bearers take oath October 2022 | Hamza Sarosh linkedin RCCI (linkedin.com only)"
Industrialist - Government,85,Waseem Aslam,"Gender, LinkedIn Profile",,"Gender, LinkedIn Profile",,,"""Waseem Aslam"" Senior Vice President Rawalpindi Chamber of Commerce RCCI | ""Waseem Aslam"" RCCI Rawalpindi chamber | ""Mr. Waseem Aslam"" Rawalpindi chamber | Waseem Aslam linkedin Rawalpindi Chamber of Commerce (linkedin.com only) | ""Waseem Aslam"" senior vice president RCCI 2026 oath"
Industrialist - Government,86,Muhammad Kashif Saleem,LinkedIn Profile,,LinkedIn Profile,,No company named 'Mumtaz Technologies' in Rawalpindi surfaced in search; org name may be a variant.,"""Kashif Saleem"" ""Mumtaz Technologies"" Rawalpindi | ""Mumtaz Technologies"" Rawalpindi Pakistan"
Industrialist - Government,89,Nausherwan Adil,"Designation, City",,"Designation, City",,,"""Nausherwan Adil"" PIA | ""Nausherwan Adil"""
Industrialist - Government,90,Nazia Hamid Qureshi,City,,City,"https://pk.linkedin.com/in/nnhhqq - search result shows Nazia Hamid Qureshi, Pakistan, London Business School, banking career (Deutsche Bank, then Habib Bank Limited); no city and no Vision Group tie visible in the snippet. Vision Group (Lahore-founded real estate developer, ParkView City in Islamabad) is multi-city.",,"""Nazia Hamid Qureshi"" ""Vision Group"" Director Global Partnerships | Vision Group visiongroup.pk Pakistan head office international business expansion"
Industrialist - Government,93,Ossama Ahmed,City,City: Islamabad,,,,"""Ossama Ahmed"" Ignite National Technology Fund BridgeStart"
Industrialist - Government,98,Raheel Iqbal,City,,City,,"Search summaries (propakistani P@SHA pages, HBL P@SHA CXO Meetup Lahore, July 2026) refer to Raheel Iqbal as Vice Chairman of P@SHA; row says 'Former Vice Chairman'. Current vs former status is unclear.","""Raheel Iqbal"" P@SHA Vice Chairman | ""Raheel Iqbal"" CEO software Pakistan former Vice Chairman P@SHA Islamabad OR Lahore OR Karachi"
Industrialist - Government,100,Rashid Mehmood,LinkedIn Profile,,LinkedIn Profile,,,"""Rashid Mehmood"" ""App In Snap"" Chief Business Officer | ""Rashid Mehmood"" AppInSnap OR ""App In Snap"" Islamabad linkedin"
Industrialist - Government,101,Raza Sukhera,City,City: Islamabad,,,,"""Raza Sukhera"" PSEB Pakistan Software Export Board Islamabad"
Industrialist - Government,102,Riaz ul Hassan,"City, LinkedIn Profile",,"City, LinkedIn Profile",,,"""Riaz ul Hassan"" Volvo Group Vice President Service Offering Strategy Product Management | ""Riaz ul Hassan"" OR ""Riaz Ul Hassan"" Volvo Group Gothenburg"
Industrialist - Government,104,Rushd Ilyas,"Gender, LinkedIn Profile",,"Gender, LinkedIn Profile",,,"""Rushd Ilyas"" Tesla | ""Rushd Ilyas"""
Industrialist - Government,105,Saad Latif,"City, LinkedIn Profile",,"City, LinkedIn Profile","https://ke.linkedin.com/in/saadhlatif - a Saad Latif in Nairobi, Kenya (agriculture/business); no 10Agrow tie seen, so not accepted.",,"""Saad Latif"" ""10Agrow"" Director Commercial Operations | ""10Agrow"" Technologies Pakistan agritech Lahore OR Islamabad OR Karachi"
Industrialist - Government,106,Saboohi Hussain,Designation,,Designation,"A search summary states Saboohi Hussain served as Senior Vice President of Rawalpindi Women Chamber of Commerce & Industry (part of an 8-member RWCCI delegation that called on the Minister of State for Industries and Production, Jan 2023). Candidate pages in that result set: https://pid.gov.pk/site/press_detail/21817 and https://www.app.com.pk/?p=1003851 (both blocked for fetch here, so the exact page and the title text were not confirmed; title may also be dated).",,"""Saboohi Hussain"" Rawalpindi Women Chamber of Commerce RWCCI | ""Saboohi Hussain"" ""Senior Vice President"" RWCCI"
Industrialist - Government,107,Sajjad Syed,City,,City,,"Search results (propakistani/bloompakistan P@SHA items) name him 'Sajjad Mustafa Syed', P@SHA Chairman elected Oct 2024 and later removed by a no-confidence vote; consistent with 'Former Chairman'. P@SHA is multi-city, no personal city found.","""Sajjad Syed"" P@SHA Former Chairman CEO Pakistan"
Industrialist - Government,108,Saqib Rafiq,LinkedIn Profile,,LinkedIn Profile,,"A search summary says Saqib Rafiq was elected Senior Vice President of RCCI in Oct 2015 and is CEO of XS (retail) / director at Xport (Pvt) Ltd, and that he 'was not the President'; row says 'Former President'. Please verify title (source not confirmed beyond the summary).","""Saqib Rafiq"" Rawalpindi Chamber of Commerce and Industry President"
Industrialist - Government,110,Salman Ahmed,City,,City,,,"""Salman Ahmed"" ""Cybervision"" Manager Marketing Sales"
Industrialist - Government,111,Salman Farooqi,"City, LinkedIn Profile",,"City, LinkedIn Profile",,,"""Salman Farooqi"" ""Dimentric"" | ""Dimentric Tech Solutions"" Pakistan"
Industrialist - Government,113,Sana Hussain,"City, LinkedIn Profile",,"City, LinkedIn Profile",,,"""Sana Hussain"" P@SHA Pakistan Software Houses Association | ""Sana Hussain"" P@SHA ecosystem professional Islamabad OR Lahore OR Karachi"
Industrialist - Government,114,Saquib Malik,"Designation, City, LinkedIn Profile",,"Designation, City, LinkedIn Profile",,,"""Saquib Malik"" Geo News | ""Saquib Malik"" OR ""Saqib Malik"" Geo TV Jang Group director OR head OR manager"
Industrialist - Government,115,Shahab Siddiqi,City,City: Islamabad,,,,"Tabadlab Islamabad ""Shahab Siddiqi"" Founding Partner"
Industrialist - Government,117,Sheeraz Ahmed,City,City: Islamabad,,,,"""Sheeraz Ahmed"" British Council Pakistan Head of Technology"
Industrialist - Government,118,Sheikh Muhammad Idrees,City,,City,,,"""Muhammad Idrees"" Controller International Relations PTV Islamabad | ""Sheikh Muhammad Idrees"" PTV"
Industrialist - Government,122,Syed Hira Bukhari,"Designation, LinkedIn Profile",,"Designation, LinkedIn Profile",,,"""Hira Bukhari"" ""U.S. Embassy"" Islamabad | ""Syed Hira Bukhari"""
Industrialist - Government,123,Syed Shoaib Ahsan,LinkedIn Profile,,LinkedIn Profile,,,"""Shoaib Ahsan"" Technolecuals Karachi | ""Syed Shoaib Ahsan"""
Industrialist - Government,126,Taimoor Ali,City,City: Islamabad,,,,"""Taimoor Ali"" Karandaaz Pakistan Digital Financial Services Islamabad"
Industrialist - Government,127,Taimoor Hassan,"Designation, City",,"Designation, City",,,"""Taimoor Hassan"" Jazz Pakistan | ""Taimoor ul Hassan"" Jazz"
Industrialist - Government,129,Usman Kirmani,City,,City,"https://chemonics.com/person/usman-kirmani - Chemonics bio (search summary) confirms Usman Kirmani is Senior Grants Manager, USAID Pakistan Investment Promotion Activity; page blocked for fetch and no city seen, so City not accepted.",,"""Usman Kirmani"" USAID Islamabad grants manager | ""Usman Kirmani"" Islamabad Pakistan Investment Promotion Activity Chemonics"
Industrialist - Government,131,Uzair Khan,City,,City,"https://pk.linkedin.com/in/uzairkhan2 - same LinkedIn already in the row; search results show no location, and JazzCash has offices in more than one city, so City not accepted.",,"""Uzair Khan"" ""Head of Product"" JazzCash | ""Uzair Khan"" JazzCash product Islamabad OR Lahore"
Industrialist - Government,134,Vaseem Anwar,"City, LinkedIn Profile",,"City, LinkedIn Profile","https://www.marketscreener.com/insider/VASEEM-ANWAR-A1ASV6/ - Vaseem Anwar listed as American Business Forum member and Netsol Technologies independent director (Netsol is Lahore-based, LCCI member), but no source explicitly gives his city or the ABF office city.",,"""Vaseem Anwar"" ""American Business Forum"" | ""American Business Forum"" Pakistan Osman Khalid Waheed Vaseem Anwar Lahore"
Industrialist - Government,135,Osman Khalid Waheed,"Gender, City, LinkedIn Profile",,"Gender, City, LinkedIn Profile","https://www.aspireleaders.org/team/osman-khalid-waheed/ and https://www.lahorebiennale.org/?p=3672 - bios of Osman Khalid Waheed (CEO Ferozsons Laboratories; President of American Business Forum per search summaries) but both pages blocked for fetch, so no pronoun/honorific or city was actually seen.",,"""Osman Khalid Waheed"" ""American Business Forum"" president | ""American Business Forum"" Pakistan Osman Khalid Waheed Vaseem Anwar Lahore"
Industrialist - Government,136,Waleed Bin Haroon,"City, LinkedIn Profile",,"City, LinkedIn Profile",,,"""Waleed Bin Haroon"" DigUp AI Chief Business Officer | ""DigUp AI"" Waleed Haroon Pakistan"
Industrialist - Government,137,Wg Cdr Mehmood,"City, LinkedIn Profile",,"City, LinkedIn Profile","NASTP (National Aerospace Science & Technology Park) is headquartered in Islamabad with a Karachi arm (NASTP-Sierra), so org city is not single-city; no source found for a Wg Cdr Mehmood.",,"""Wing Commander"" Mehmood NASTP National Aerospace Science and Technology Park Islamabad"
Industrialist - Government,138,Yasir Hassan Maken,"City, LinkedIn Profile",,"City, LinkedIn Profile",,,"""Yasir Hassan Maken"" Teradata Pakistan Country Head | ""Yasir Maken"" Teradata"
Industrialist - Government,140,Zakaria Rizvi,"Designation, LinkedIn Profile",,"Designation, LinkedIn Profile",,,"""Zakaria Rizvi"" U.S. Embassy Islamabad | ""Zakaria Rizvi"" Pakistan embassy US Mission"
Industrialist - Government,142,Zeeshan Shah,LinkedIn Profile,,LinkedIn Profile,"https://pk.linkedin.com/in/enerzee - result titled 'Zeeshan Shah' but title/summary shows no Shahnawaz Associates or Executive Director link, so not accepted.",,"""Zeeshan Shah"" ""Shahnawaz Associates"" Executive Director"
Investor,6,Bilal Ahmad,"Designation, City, LinkedIn Profile",,"Designation, City, LinkedIn Profile",,"Organisation 'AP' is ambiguous (possibly Accelerate Prosperity, AKDN, as on rows 10 and 25) but no source ties a Bilal Ahmad to it.","""Bilal Ahmad"" investor Pakistan ""AP"" angel venture | ""Bilal Ahmad"" ""Accelerate Prosperity"" Aga Khan Foundation"
Investor,8,Fahad Asad,City,,City,"https://gulfnews.com/uae-success-stories/respect-the-law-embrace-the-culture-pakistani-influencer-shares-lessons-from-his-uae-journey-1.500630249 describes a Dubai-based Pakistani entrepreneur/influencer named Fahad Asad, but nothing ties him to AugMentor or angel investing, so not accepted.",,"""Fahad Asad"" AugMentor angel investor mentor | ""Fahad Asad"" AugMentor"
Investor,10,Irum Fatima,"City, LinkedIn Profile",,"City, LinkedIn Profile",,,"""Irum Fatima"" ""Accelerate Prosperity"" AKDN Business and Sustainability Lead | ""Irum Fatima"" ""Accelerate Prosperity"" Pakistan"
Investor,12,Kamil Aziz,City,City: Islamabad,,,,"""Kamil Aziz"" ""Zayn VC"" Head of Investments"
Investor,19,Rabeel Warraich,City,City: Lahore,,,,"""Rabeel Warraich"" Sarmayacar founder CEO | Sarmayacar venture capital Pakistan office Lahore OR Karachi OR Islamabad headquarters"
Investor,20,Rafaeel Chaudhry,"Department, City",,"Department, City","https://prospeo.io/p/rafaeel-chaudhry-email-and-phone (aggregator) lists a Rafaeel Chaudhry in Toronto, Ontario, Canada, Senior Consultant at HSBC and Principal at RSynergy; no source ties this person to the row's 'Investor' role or LinkedIn slug, so not accepted.",,"""Rafaeel Chaudhry"" investor | ""Rafaeel Chaudhry"" founder OR CEO OR partner"
Investor,24,Salaal Hasan,Department,,Department,,,"""Salaal Hasan"" investor Dubai | ""Salaal Hasan"" founder OR CEO OR partner Pakistan"
Investor,25,Sayad Ghani,"Designation, City, LinkedIn Profile",,"Designation, City, LinkedIn Profile",,Name may be a spelling variant (e.g. Sayyad/Syed Ghani); no source found tying anyone to Accelerate Prosperity.,"""Sayad Ghani"" ""Accelerate Prosperity"" OR AKDN OR ""Aga Khan"" | ""Sayad Ghani"" Pakistan entrepreneur investor"
Investor,30,Zahid Iqbal,City,City: Islamabad,,,,"""Zahid Iqbal"" Ignite National Technology Fund ""Pakistan Startup Fund"" manager | Ignite National Technology Fund head office Islamabad address Ministry of IT"
Mentors - Prof. Speaker,4,Aamir Sohail,"Department, City, LinkedIn Profile",,"Department, City, LinkedIn Profile",,,"""Aamir Sohail"" tech executive Pakistan CEO | ""Aamir Sohail"" linkedin Pakistan technology director | ""Aamir Sohail"" NASTP OR ""Aamir Sohail"" Islamabad tech startup mentor"
Mentors - Prof. Speaker,5,Dr. Abdul Haleem Butt,LinkedIn Profile,,LinkedIn Profile,,,"""Abdul Haleem Butt"" Air University Creative Technologies linkedin | ""Haleem Butt"" Air University Islamabad | ""Abdul Haleem Butt"" Creative Technologies | (extended) Dr. Abdul Haleem Butt Assistant Professor Creative Technologies Air University Islamabad | ""Abdul Haleem"" Butt Air University ""creative technologies"" assistant professor PhD"
Mentors - Prof. Speaker,8,Dr. Abdul Waheed,"Designation, LinkedIn Profile",,"Designation, LinkedIn Profile",,,"""Abdul Waheed"" Institute of Space Technology Islamabad | ""Abdul Waheed"" ist.edu.pk faculty | ""Dr. Abdul Waheed"" IST Islamabad professor | (extended) Dr. Israr Hussain Head of Department Avionics Engineering IST Islamabad | ""Abdul Waheed"" avionics ""Institute of Space Technology"" linkedin"
Mentors - Prof. Speaker,9,Dr. Israr Hussain,"Gender, LinkedIn Profile",,"Gender, LinkedIn Profile","https://www.linkedin.com/in/israr-hussain-b42a6691/ - title 'Israr Hussain - Associate Professor - Air University'; no IST/avionics link shown, so not accepted.","IST's Avionics 'Message from HoD' page (https://www.ist.edu.pk/ave-message-hod) names Dr Abdul Waheed (row 8) as current HoD Avionics Engineering, so 'HOD, Avionics Engineering' for Dr. Israr Hussain may be outdated.","""Israr Hussain"" Avionics Engineering Institute of Space Technology | ""Israr Hussain"" IST avionics HOD | (extended) Dr. Israr Hussain Head of Department Avionics Engineering IST Islamabad | (extended) Israr Hussain Institute of Space Technology Islamabad avionics faculty profile | ""Israr Hussain"" Air University Associate Professor avionics linkedin"
Mentors - Prof. Speaker,15,Al Fahad,"Department, City",,"Department, City",,,"""Al Fahad"" software engineer Pakistan linkedin al-fahad | ""Al Fahad"" software engineer company | ""linkedin.com/in/al-fahad"""
Mentors - Prof. Speaker,16,Dr. Ali Raza Jafri,LinkedIn Profile,,LinkedIn Profile,"https://bmd.neduet.edu.pk/sites/default/files/PDF/CV%20Ali%20Raza.pdf - NED-hosted CV of Ali Raza (Jafri) from his Biomedical Engineering period; CV PDF, not a faculty bio, and could not be opened to confirm, so not used. NED Senate 2025 list (https://www.neduet.edu.pk/sites/default/files/university_bodies/SENATE_2025.pdf) confirms him as Professor & Chairperson, Automotive & Marine Engineering.",,"""Ali Raza Jafri"" NED University automotive marine engineering | ""Ali Raza Jafri"" linkedin NED professor | atd.neduet.edu.pk Ali Raza Jafri chairperson faculty"
Mentors - Prof. Speaker,26,Asma Batool Naqvi,LinkedIn Profile,,LinkedIn Profile,,,"""Asma Batool Naqvi"" IIUI lecturer | (extended) Asma Batool Naqvi lecturer International Islamic University Islamabad computer science linkedin"
Mentors - Prof. Speaker,27,Assad Hussain,LinkedIn Profile,,LinkedIn Profile,,,"""Assad Hussain"" Air University Strategic Studies program coordinator | ""Assad Hussain"" ""Air University"" Islamabad | ""Asad Hussain"" Air University Department of Strategic Studies"
Mentors - Prof. Speaker,31,Dr. Azam Arastu,City,,City,"https://www.vica.com/groups/GroupRoster/eemu-committee-1072 - Valley Industry Commerce Association (CA) 2025 EEMU committee roster surfaced for his name, and bios say he is adjunct professor at USC and UCLA, pointing to the Los Angeles area; no source states his city explicitly.",,"""Azam Arastu"" AstroSmart Enterprises | (extended) Azam Arastu Boeing Technical Fellow | ""Azam Arastu"" California AstroSmart | ""Arastu"" AstroSmart Enterprises Inc president Los Angeles"
Mentors - Prof. Speaker,33,Dr. Azhar Hasan,LinkedIn Profile,,LinkedIn Profile,,"Email domain cae.nust.edu.pk points to NUST College of Aeronautical Engineering, which is located in Risalpur (KP), not Islamabad; Department 'NUST Islamabad' / City 'Islamabad' may be wrong.","""Azhar Hasan"" avionics NUST College of Aeronautical Engineering | (extended) Dr Azhar Hasan avionics engineering CAE Risalpur linkedin"
Mentors - Prof. Speaker,35,Daniyal Farman,"Department, City",,"Department, City",No usable lead: search returned an unattributed summary of a 'Senior QA Automation Engineer' at TechStack Ltd. mixed with a work.ua resume of a different name (Daniil Vostrikov); not tied to this person.,,"""Daniyal Farman"" Senior QA Automation Engineer | ""Daniyal Farman"" QA automation engineer Pakistan"
Mentors - Prof. Speaker,37,Engr. Dr. Adnan Khan,LinkedIn Profile,,LinkedIn Profile,,,"""Adnan Khan"" ""Military College of Signals"" NUST software engineering | Dr. Adnan Khan Engr. software engineering MCS NUST Rawalpindi professor linkedin"
Mentors - Prof. Speaker,38,Engr. Asim Gulzar,LinkedIn Profile,,LinkedIn Profile,,,"""Asim Gulzar"" ""Arid Agriculture University"" Rawalpindi | ""Asim Gulzar"" Assistant Professor PMAS-AAUR Faculty of Health Sciences"
Mentors - Prof. Speaker,48,Dr. Ghazala Kaukab,LinkedIn Profile,,LinkedIn Profile,"https://stemwomen.asia/country/Pakistan?page=1 - search summary says 'Ghazala Kaukab Raja' is Professor at University Institute of Biochemistry and Biotechnology, PMAS-AAUR (supports the row), but it is a listing page, not a LinkedIn or official bio page, so not used as the link.",,"""Ghazala Kaukab"" Arid Agriculture University biotechnology | ""Ghazala Kaukab Raja"" linkedin OR uaar.edu.pk Director UIBB"
Mentors - Prof. Speaker,49,Dr. Ghazala Khan,City,,City,"https://uon.edu.pk/uploads/files/1517e-ghzala.pdf - appeared for the query; summary describes a Dr. Ghazala Khan (PhD Entrepreneurship, Malaysia, business development researcher) but no source ties her to The Next Generation Leaders / KGF Industries, and the PDF is blocked from WebFetch; not accepted.",,"""Ghazala Khan"" ""The Next Generation Leaders"" KGF Industries | ""Dr. Ghazala Khan"" founder ""Next Generation Leaders"" Pakistan"
Mentors - Prof. Speaker,53,Dr. Hamid Saleem,LinkedIn Profile,,LinkedIn Profile,"Search summary mentions a Hamid Saleem, plasma physics professor, previously at COMSATS (CIIT); no URL tying him to IST Space Science, so not accepted.",,"""Hamid Saleem"" Professor Space Science Institute of Space Technology Islamabad | ""Hamid Saleem"" IST Space Science professor plasma physics Islamabad linkedin"
Mentors - Prof. Speaker,54,Hamza Ahmad,"City, LinkedIn Profile",,"City, LinkedIn Profile",,,"""Hamza Ahmad"" Upwork freelancer Pakistan"
Mentors - Prof. Speaker,58,Dr. Ijaz Mansoor Qureshi,LinkedIn Profile,,LinkedIn Profile,,,"""Ijaz Mansoor Qureshi"" Air University Islamabad Professor | ""Ijaz Mansoor"" Qureshi Air University Electrical Computer Engineering"
Mentors - Prof. Speaker,62,Dr. Imran Riaz Malik,"Gender, LinkedIn Profile",,"Gender, LinkedIn Profile",,,"""Imran Riaz Malik"" Capital University of Science and Technology Director Placement | ""Imran Riaz Malik"" Islamabad CUST"
Mentors - Prof. Speaker,64,Karishma Zaka Ullah,City,,City,"https://codeforpakistan.org/about/people/karishma-zakaullah - bio confirms Program Coordinator at Code for Pakistan and World Bank consultant, but the snippet gives no city (page blocked from fetch).",,"""Karishma Zaka Ullah"" Code for Pakistan World Bank | ""Karishma Zaka"" Islamabad startup growth advisor"
Mentors - Prof. Speaker,70,Dr. Khattak,"Designation, Gender, LinkedIn Profile",,"Designation, Gender, LinkedIn Profile","Name too generic to tie to one person; search surfaced Dr. Muazzam A. Khan Khattak, Professor, Dept. of Computer Sciences, Quaid-i-Azam University (https://www.aminer.org/profile/muazzam-a-khan-khattak/65947232c4d929f0c87a488d) as one possible QAU Khattak, but nothing links him to this row.",,"""Dr. Khattak"" Quaid-i-Azam University QAU professor"
Mentors - Prof. Speaker,73,Dr. M. Ashraf,Gender,Gender: Male,,,"Row says he is no longer on the CUST roster, but the CUST our_team page cust.edu.pk/our_team/dr-m-ashraf still lists a Dr. M. Ashraf (Professor, CUST since 2018); the designation note may be outdated.","""Muhammad Ashraf"" Professor Electrical Engineering Capital University of Science and Technology"
Mentors - Prof. Speaker,78,Dr. Maha Rehman,City,,City,,,"""Maha Rehman"" ""Bahar Medicart"" Karlsruhe | ""Maha Rehman"" Founder CEO ""Bahar Medicart"" PCSIR"
Mentors - Prof. Speaker,81,Dr. Mansur Umar Khan,LinkedIn Profile,,LinkedIn Profile,,,"""Mansur Umar Khan"" Air University Aerospace Sciences Assistant Professor | ""Mansur Umar Khan"" aerospace"
Mentors - Prof. Speaker,85,Mohammad Haider Haroon,Department,,Department,"https://pk.linkedin.com/in/haiderharoon - search extract ties him to FAMZ Global (Lahore) and to Director of Development, Aviation Institute of Management, but does not say which one holds the 'Aviation Consultant' role, so no single organisation accepted.",,"""Haider Haroon"" aviation consultant Islamabad | ""Mohammad Haider Haroon"" aviation consultant | ""FAMZ Global"" ""Haider Haroon"" aviation"
Mentors - Prof. Speaker,90,Dr. Muhammad Amjad Khan,LinkedIn Profile,,LinkedIn Profile,,,"""Muhammad Amjad Khan"" Assistant Professor Computer Science ""Hamdard University"" Islamabad | ""Amjad Khan"" Hamdard University Islamabad Computer Science faculty"
Mentors - Prof. Speaker,93,Muhammad Iqbal,"Department, City, LinkedIn Profile",,"Department, City, LinkedIn Profile",,,"""Muhammad Iqbal"" ""Innovation Manager"" Pakistan"
Mentors - Prof. Speaker,95,Muhammad Muzammal,LinkedIn Profile,,LinkedIn Profile,"https://oric.bahria.edu.pk/?p=295 (Bahria ORIC researcher page, page blocked from fetch): search extract describes Dr. Muhammad Muzammal as Associate Professor and Head of Department, Computer Science, Bahria University Islamabad Campus (PhD Leicester), matching the row, but I could not confirm which of several oric.bahria.edu.pk result URLs carried that text, so not used as the link.",,"""Muhammad Muzammal"" HOD Computer Science Bahria University Islamabad | ""Muhammad Muzammal"" Bahria University Islamabad Head of Department Computer Science Leicester"
Mentors - Prof. Speaker,101,Dr. Muhammad Umair,LinkedIn Profile,,LinkedIn Profile,,,"""Muhammad Umair"" Assistant Professor Energy Systems Engineering Arid Agriculture University Rawalpindi | ""Muhammad Umair"" PMAS-AAUR Department of Energy Systems Engineering lecturer"
Mentors - Prof. Speaker,103,Muhammad Yasin,LinkedIn Profile,,LinkedIn Profile,,,"""Muhammad Yasin"" Professor Precision Engineering Arid Agriculture University Rawalpindi"
Mentors - Prof. Speaker,105,Dr. Muhammad Zubair Khan,LinkedIn Profile,,LinkedIn Profile,,,"""Zubair Khan"" Professor Mechanical Engineering Institute of Space Technology Islamabad | ""Muhammad Zubair Khan"" IST Islamabad Mechanical Engineering professor"
Mentors - Prof. Speaker,110,Naaz Shah,"Gender, City, LinkedIn Profile",,"Gender, City, LinkedIn Profile",,,"""Naaz Shah"" tech executive Pakistan"
Mentors - Prof. Speaker,111,Nabeel Saqib,City,,City,"Search extract (source URL not identified) describes a Pakistani 'Nabeel Saqib' as Country Manager, Noble Quarries Group, Milan, Italy (earlier Konain Oil); nothing ties this to the row's 'Tech Executive' role or LinkedIn slug nabeel-saqib-2171549, so City not accepted.",,"""Nabeel Saqib"" tech executive Pakistan | ""Nabeel Saqib"" linkedin OR CEO OR CTO OR director"
Mentors - Prof. Speaker,113,Naseem e saba,"Department, Gender, City, LinkedIn Profile",,"Department, Gender, City, LinkedIn Profile",,,"""Naseem e Saba"" tech executive Pakistan"
Mentors - Prof. Speaker,114,Dr. Naseem Iqbal,Gender,,Gender,"Search extracts (likely https://dailytimes.com.pk/?p=66759 and the iiu.edu.pk CV) describe Dr. Naseem Iqbal, USPCAS-E NUST fuel-cell researcher, with 'he/his' pronouns, matching the row's person, but I could not tie the pronoun text to a specific URL seen verbatim, so Gender left blank.",,"""Naseem Iqbal"" Professor USPCAS-E NUST Energy Systems Engineering | ""Dr. Naseem Iqbal"" USPCAS-E NUST said his research fuel cells"
Mentors - Prof. Speaker,119,Noshin Paracha,City,,City,,,"""Noshin Paracha"" Maymaar Foundation CEO | ""Noshin Paracha"" trainer coach international speaker"
Mentors - Prof. Speaker,121,Prof. Dr. Aftab Khan,LinkedIn Profile,,LinkedIn Profile,,,"""Aftab Khan"" Dean Faculty of Science COMSATS University Islamabad | ""Aftab Khan"" professor COMSATS University Islamabad dean science"
Mentors - Prof. Speaker,125,Prof. Dr. Shahida Mansoor,Gender,,Gender,,"Search results (https://pakobserver.net/designfine-arts-thesis-show-at-comsats-varsity/) name the Dean, Faculty of Architecture and Design, COMSATS University Islamabad as 'Dr. Shahid Mansoor' (not 'Shahida'); the row's first name may be a misspelling or the person may differ. No explicit pronoun seen, so Gender left blank.","""Shahida Mansoor"" Dean Architecture and Design COMSATS University Islamabad | ""Shahid Mansoor"" Dean Faculty of Architecture and Design COMSATS University Islamabad"
Mentors - Prof. Speaker,131,Qaiser Rehman,"Department, City",,"Department, City","https://it.fiverr.com/qaiserrehman - a Fiverr seller 'Qaiser Rehman' (Digital Product Architect / Full-Stack Developer, based in Pakistan; one extract also mentions a Digital Marketing Instructor role at Qcom College of Technology, Alberta) is similar to the row's designation, but nothing links the Fiverr profile to the row's LinkedIn slug (qxr), no city, and the name is common, so not accepted.",,"""Qaiser Rehman"" full stack developer UI/UX branding | ""Qaiser Rehman"" qxr developer designer"
Mentors - Prof. Speaker,138,Dr. Sajjad Haider,"Department, City, LinkedIn Profile",,"Department, City, LinkedIn Profile","Search surfaced a Sajjad Haider at Dept. of Anthropology, Quaid-i-Azam University (and a different Sajjad Haider, AI professor, IBA Karachi is not evidenced); nothing ties either to NASTP, so not accepted.",,"""Sajjad Haider"" NASTP judging panel academia partner | NASTP ""Sajjad Haider"" Dr. professor National Aerospace Science and Technology Park"
Mentors - Prof. Speaker,146,Dr. Sher Akbar,LinkedIn Profile,,LinkedIn Profile,,,"""Sher Akbar"" Assistant Professor Management Sciences COMSATS University Islamabad | ""Dr. Sher Akbar"" COMSATS Islamabad business administration management"
Mentors - Prof. Speaker,148,Dr. Shoaib Hassan,LinkedIn Profile,,LinkedIn Profile,,,"""Shoaib Hassan"" Professor HOD Management Sciences NUML Islamabad | ""Dr. Shoaib Hassan"" NUML management sciences"
Mentors - Prof. Speaker,149,Dr. Sikandar,"Designation, LinkedIn Profile",,"Designation, LinkedIn Profile",,,"""Sikandar"" University of Haripur Dr. faculty | ""Sikandar"" ""University of Haripur"" assistant professor OR professor OR lecturer"
Mentors - Prof. Speaker,150,Sohail Shahzad Siddiqui,City,,City,,,"""Sohail Shahzad Siddiqui"" ""Youth Lead"" Venture Camp | ""Sohail Siddiqui"" ""Youth Lead"" Camp founder CEO learning development trainer Pakistan"
Mentors - Prof. Speaker,151,Dr. Syed Amer Ahsan Gillani,LinkedIn Profile,,LinkedIn Profile,,,"""Amer Ahsan Gillani"" Military College of Signals NUST Information Security | ""Gillani"" ""Amer Ahsan"" OR ""Aamer Ahsan"" MCS NUST Rawalpindi Dr."
Mentors - Prof. Speaker,155,Dr. Tazeen,LinkedIn Profile,,LinkedIn Profile,,,"""Dr. Tazeen"" Professor SZABIST Islamabad | ""Tazeen"" SZABIST Islamabad professor Dr. faculty"
Mentors - Prof. Speaker,157,Dr. Usman Ahsan,"Department, City",,"Department, City",,,"""Usman Ahsan"" Director QEC Acting Dean Commerce and Management Sciences Associate Professor | ""Dr. Usman Ahsan"" Acting Dean Commerce Management Sciences university Pakistan"
Mentors - Prof. Speaker,158,Usman Aslam,City,,City,"https://pk.linkedin.com/in/usaslam - 'Usman Aslam, PMP' (project manager) appeared in search but its slug differs from the row's link (usmanaslam712) and the snippet shows no 10Pearls tie or city, so not used.",,"""Usman Aslam"" 10Pearls Fastn.ai developer relations | ""Usman Aslam"" ""Project Manager"" 10Pearls growth strategy"
Mentors - Prof. Speaker,160,Dr. Zafar Saeed,LinkedIn Profile,,LinkedIn Profile,,,"""Zafar Saeed"" Assistant Professor Computer Science University of Central Punjab Lahore | ""Zafar Saeed"" UCP University of Central Punjab Faculty of Information Technology"
Mentors - Prof. Speaker,164,Dr. Zubair,"Designation, City, LinkedIn Profile",,"Designation, City, LinkedIn Profile","https://riphah.edu.pk/ssd/director/ - Muhammad Zubair Safdar, Head of Student Services, Riphah (MPhil, not 'Dr.'); the row is just 'Dr. Zubair' so this is only a name coincidence, not accepted.",,"""Dr. Zubair"" Riphah International University faculty professor"
